2020,33,2020-10-06,,123
2020,1,2020-03-17,,1212
2020,2,2020-03-17,,
2020,3,2020-03-17,,G87H04000030001
2020,4,2020-03-17,,
2020,5,2020-03-17,,
2020,6,2020-03-17,,
2020,7,2020-03-17,,
2020,8,2020-03-17,,
2020,9,2020-03-17,,
2019,76,2019-12-20,2020-03-12,E51I04000010007
2019,77,2019-12-20,2020-02-27,B41E04000210001
2019,78,2019-12-20,2020-03-10,
2019,79,2019-12-20,2020-03-27,
2019,80,2019-12-20,2020-03-28,
2019,81,2019-12-20,2020-03-28,
2019,82,2019-12-20,2020-03-28,
2019,83,2019-12-20,2020-04-01,
2019,84,2019-12-20,2020-04-03,
2019,85,2019-12-20,2020-03-30,
2019,86,2019-12-20,2020-04-06,
2019,87,2019-12-20,2020-04-03,
2019,67,2019-11-21,2020-03-24,E51I04000010007
2019,68,2019-11-21,2020-03-10,F81H91000000008
2019,69,2019-11-21,2020-04-02,F81H91000000008
2019,70,2019-11-21,2020-03-10,
2019,71,2019-11-21,2020-03-27,
2019,72,2019-11-21,2020-03-12,
2019,73,2019-11-21,2020-03-11,
2019,74,2019-11-21,2020-03-27,
2019,75,2019-11-21,2020-03-26,
2019,65,2019-10-15,2020-02-27,F81B05000350007
2019,66,2019-10-15,2020-02-26,
2019,56,2019-08-01,2019-12-11,
2019,57,2019-08-01,2019-12-11,
2019,58,2019-08-01,2020-01-29,
2019,59,2019-08-01,2019-10-30,
2019,60,2019-08-01,2019-11-16,
2019,61,2019-08-01,2019-11-18,J41E91000000009
2019,62,2019-08-01,2019-12-28,
2019,63,2019-08-01,2019-11-28,
2019,64,2019-08-01,2019-10-11,
2019,35,2019-07-24,2019-08-12,
2019,36,2019-07-24,2020-01-25,
2019,37,2019-07-24,2020-01-07,
2019,38,2019-07-24,2019-10-30,
2019,39,2019-07-24,2019-12-23,
2019,40,2019-07-24,2020-01-03,F21B16000440001
2019,41,2019-07-24,2019-11-02,
2019,42,2019-07-24,2019-11-13,F11B06000270007
2019,43,2019-07-24,2020-01-04,
2019,44,2019-07-24,2019-11-14,
2019,45,2019-07-24,2019-10-29,
2019,46,2019-07-24,2019-11-15,
2019,47,2019-07-24,2019-11-15,
2019,48,2019-07-24,2019-11-04,
2019,49,2019-07-24,,
2019,50,2019-07-24,2019-12-10,
2019,51,2019-07-24,2020-01-20,
2019,52,2019-07-24,2019-10-28,
2019,53,2019-07-24,2019-11-18,
2019,54,2019-07-24,2019-11-28,
2019,55,2019-07-24,2019-11-16,
2019,24,2019-05-20,2019-09-30,
2019,25,2019-05-20,,F41B03000230001
2019,26,2019-05-20,2019-07-27,
2019,27,2019-05-20,2019-08-02,
2019,28,2019-05-20,2019-08-24,
2019,29,2019-05-20,2019-08-09,
2019,30,2019-05-20,2019-09-19,
2019,31,2019-05-20,2019-09-21,
2019,32,2019-05-20,2019-08-30,
2019,33,2019-05-20,2019-08-19,
2019,34,2019-05-20,2019-09-24,F75F07000100007
2019,5,2019-04-04,2019-08-27,D11I18000010001
2019,6,2019-04-04,2019-09-11,H11I12000010002
2019,7,2019-04-04,2019-07-10,H91E03000130005
2019,8,2019-04-04,2019-07-08,G41B03000270002
2019,9,2019-04-04,2019-07-18,
2019,10,2019-04-04,2019-04-24,
2019,11,2019-04-04,2019-07-03,
2019,12,2019-04-04,2019-07-18,
2019,13,2019-04-04,2019-08-12,
2019,14,2019-04-04,2019-08-01,
2019,15,2019-04-04,2019-08-09,
2019,16,2019-04-04,2019-08-01,
2019,17,2019-04-04,2019-07-08,
2019,18,2019-04-04,2019-07-10,
2019,19,2019-04-04,2019-08-09,
2019,20,2019-04-04,2019-08-02,
2019,21,2019-04-04,2019-08-30,
2019,22,2019-04-04,,
2019,23,2019-04-04,,
2019,1,2019-01-17,2019-06-13,F11B06000270007
2019,2,2019-01-17,2019-05-09,H11E03000110006
2019,3,2019-01-17,,
2019,4,2019-01-17,2019-03-07,
2018,62,2018-11-28,2019-04-02,J11H03000150001
2018,63,2018-11-28,2019-07-02,
2018,64,2018-11-28,2019-04-12,
2018,65,2018-11-28,2019-04-12,
2018,66,2018-11-28,2019-04-15,
2018,67,2018-11-28,2019-04-15,
2018,68,2018-11-28,2018-12-28,
2018,69,2018-11-28,2019-02-11,
2018,70,2018-11-28,2019-02-26,
2018,71,2018-11-28,2019-06-10,
2018,72,2018-11-28,2019-02-27,
2018,73,2018-11-28,2019-02-27,
2018,74,2018-11-28,2019-03-21,
2018,75,2018-11-28,2019-03-12,
2018,76,2018-11-28,2019-03-26,
2018,77,2018-11-28,2019-03-26,
2018,78,2018-11-28,2019-04-02,
2018,79,2018-11-28,2019-03-06,
2018,80,2018-11-28,2019-02-27,
2018,81,2018-11-28,2019-02-26,
2018,82,2018-11-28,2019-04-03,
2018,83,2018-11-28,2019-05-03,
2018,84,2018-11-28,2019-03-15,
2018,42,2018-10-25,2019-03-11,F12C03000050021
2018,43,2018-10-25,2019-12-19,F12C03000050021
2018,44,2018-10-25,2019-01-21,B51B06000390001
2018,45,2018-10-25,2019-01-30,F31B16000520001
2018,46,2018-10-25,2019-01-04,B30H10000010005
2018,47,2018-10-25,2019-03-12,F51B16000460001
2018,48,2018-10-25,2019-02-21,
2018,49,2018-10-25,2019-02-13,
2018,50,2018-10-25,2019-02-21,
2018,51,2018-10-25,2018-11-02,
2018,52,2018-10-25,2019-05-17,
2018,53,2018-10-25,2019-03-06,
2018,54,2018-10-25,,
2018,55,2018-10-25,2019-02-25,
2018,56,2018-10-25,2019-02-25,
2018,57,2018-10-25,2018-12-29,
2018,58,2018-10-25,2018-12-28,
2018,59,2018-10-25,2019-01-29,
2018,60,2018-10-25,2019-01-12,
2018,61,2018-10-25,2019-02-04,
2018,35,2018-04-26,2018-07-04,E51I04000010007
2018,36,2018-04-26,2018-10-18,E51I04000010007
2018,37,2018-04-26,,H11E03000110006
2018,38,2018-04-26,2018-08-09,C31110000000008
2018,39,2018-04-26,2018-08-10,
2018,40,2018-04-26,2018-07-12,
2018,41,2018-04-26,2018-08-06,B21B06000520001
2018,27,2018-03-21,2018-07-04,
2018,28,2018-03-21,2018-08-04,
2018,29,2018-03-21,2018-10-11,F31B16000520001
2018,30,2018-03-21,2018-08-10,
2018,31,2018-03-21,2018-09-20,
2018,32,2018-03-21,2018-07-05,
2018,33,2018-03-21,2018-07-06,
2018,34,2018-03-21,2018-05-16,
2018,1,2018-02-28,2018-09-12,C66C11000050006
2018,2,2018-02-28,2018-08-13,F81B16000620001
2018,3,2018-02-28,2018-08-02,F92C05000080011
2018,4,2018-02-28,2018-07-13,F81B05000350007
2018,5,2018-02-28,,G86G06000020005
2018,6,2018-02-28,2018-05-30,
2018,7,2018-02-28,2018-07-31,
2018,8,2018-02-28,,
2018,9,2018-02-28,,H91E03000130005
2018,10,2018-02-28,2018-09-17,
2018,11,2018-02-28,2018-07-30,
2018,12,2018-02-28,2018-08-03,
2018,13,2018-02-28,2018-06-19,
2018,14,2018-02-28,2018-07-25,
2018,15,2018-02-28,2018-08-09,
2018,16,2018-02-28,2018-07-21,
2018,17,2018-02-28,2018-06-04,
2018,18,2018-02-28,2018-08-10,
2018,19,2018-02-28,2018-07-20,
2018,20,2018-02-28,2018-08-11,
2018,21,2018-02-28,2018-06-27,
2018,22,2018-02-28,2018-06-28,
2018,23,2018-02-28,2018-05-15,
2018,24,2018-02-28,2018-07-10,
2018,25,2018-02-28,2018-07-05,
2018,26,2018-02-28,2018-07-25,
2017,81,2017-12-22,2018-07-25,F81H92000000008
2017,82,2017-12-22,2018-07-27,F81H92000000008
2017,83,2017-12-22,,F81H92000000008
2017,84,2017-12-22,2018-07-18,J41E91000000009
2017,85,2017-12-22,2018-04-07,B61E04000030001
2017,86,2017-12-22,2018-04-06,
2017,87,2017-12-22,,
2017,88,2017-12-22,2018-03-27,G99E05000030007
2017,89,2017-12-22,2018-05-23,J71H92000000007
2017,90,2017-12-22,2018-04-06,
2017,91,2017-12-22,2018-05-24,
2017,92,2017-12-22,2018-06-15,H59H12000720001
2017,93,2017-12-22,2018-04-06,
2017,94,2017-12-22,2018-04-12,
2017,95,2017-12-22,2018-04-28,
2017,96,2017-12-22,2018-04-12,
2017,97,2017-12-22,2018-07-12,
2017,98,2017-12-22,2018-06-09,
2017,99,2017-12-22,2018-06-21,
2017,100,2017-12-22,2018-04-19,
2017,101,2017-12-22,2018-05-08,
2017,102,2017-12-22,2018-05-08,
2017,103,2017-12-22,2018-05-15,
2017,104,2017-12-22,2018-04-28,
2017,105,2017-12-22,2018-06-19,
2017,106,2017-12-22,2018-05-24,
2017,107,2017-12-22,2018-05-23,
2017,108,2017-12-22,2018-05-15,
2017,109,2017-12-22,2018-04-06,
2017,110,2017-12-22,2018-05-31,
2017,111,2017-12-22,2018-04-19,
2017,112,2017-12-22,2018-05-31,
2017,113,2017-12-22,2018-05-30,
2017,114,2017-12-22,2018-05-04,
2017,115,2017-12-22,2018-05-15,
2017,116,2017-12-22,2018-04-07,
2017,117,2017-12-22,2018-03-24,
2017,118,2017-12-22,2018-04-14,
2017,119,2017-12-22,2018-04-06,
2017,120,2017-12-22,2018-05-04,
2017,121,2017-12-22,2018-03-28,
2017,122,2017-12-22,2018-04-20,
2017,123,2017-12-22,2018-04-20,
2017,124,2017-12-22,2018-04-21,
2017,125,2017-12-22,2018-04-06,
2017,126,2017-12-22,2018-03-15,
2017,127,2017-12-22,2018-04-14,
2017,65,2017-08-07,2017-12-15,
2017,66,2017-08-07,2018-04-10,
2017,67,2017-08-07,2018-01-24,C11J05000030001
2017,68,2017-08-07,2018-01-24,
2017,69,2017-08-07,2017-12-12,
2017,70,2017-08-07,2017-12-20,
2017,71,2017-08-07,2017-11-13,
2017,72,2017-08-07,2017-11-13,
2017,73,2017-08-07,2017-11-25,
2017,74,2017-08-07,2017-11-25,
2017,75,2017-08-07,2018-01-22,
2017,76,2017-08-07,2018-01-23,
2017,77,2017-08-07,2018-01-23,
2017,78,2017-08-07,2017-11-27,
2017,79,2017-08-07,2017-11-27,
2017,80,2017-08-07,2018-02-14,
2017,42,2017-07-10,2018-03-24,F81H91000000008
2017,43,2017-07-10,,
2017,44,2017-07-10,2017-10-31,
2017,45,2017-07-10,2017-11-21,J62I03000040009
2017,46,2017-07-10,2017-11-21,
2017,47,2017-07-10,2017-10-12,
2017,48,2017-07-10,2017-10-23,
2017,49,2017-07-10,2017-10-17,
2017,50,2017-07-10,2017-11-09,
2017,51,2017-07-10,2018-01-31,
2017,52,2017-07-10,2017-11-22,
2017,53,2017-07-10,2017-11-22,
2017,54,2017-07-10,2017-11-23,
2017,55,2017-07-10,2017-11-24,
2017,56,2017-07-10,2017-11-24,
2017,57,2017-07-10,2017-10-23,
2017,58,2017-07-10,2017-10-11,
2017,59,2017-07-10,2017-09-26,
2017,60,2017-07-10,2017-10-06,
2017,61,2017-07-10,2017-10-18,
2017,62,2017-07-10,2017-11-02,
2017,63,2017-07-10,2017-10-31,
2017,64,2017-07-10,2018-06-20,
2017,2,2017-03-03,2017-06-26,
2017,3,2017-03-03,2017-06-26,
2017,4,2017-03-03,2017-07-10,
2017,5,2017-03-03,2017-05-05,
2017,6,2017-03-03,2017-05-11,
2017,7,2017-03-03,2017-06-19,
2017,8,2017-03-03,2017-06-08,J94F04000020001
2017,9,2017-03-03,2017-09-07,F21B16000450001
2017,10,2017-03-03,2017-08-14,
2017,11,2017-03-03,2017-07-04,J34C03000000011
2017,12,2017-03-03,2017-07-11,
2017,13,2017-03-03,2017-06-30,
2017,14,2017-03-03,2017-07-28,
2017,15,2017-03-03,2017-07-28,
2017,16,2017-03-03,2017-07-28,
2017,17,2017-03-03,2017-07-29,
2017,18,2017-03-03,2017-07-29,
2017,19,2017-03-03,2017-07-29,
2017,20,2017-03-03,2017-07-31,
2017,21,2017-03-03,2017-08-02,
2017,22,2017-03-03,2017-07-31,
2017,23,2017-03-03,2017-07-31,
2017,24,2017-03-03,2017-06-26,
2017,25,2017-03-03,,
2017,26,2017-03-03,2017-06-30,
2017,27,2017-03-03,2017-06-13,
2017,28,2017-03-03,2017-06-19,
2017,29,2017-03-03,2017-06-27,
2017,30,2017-03-03,2017-06-27,
2017,31,2017-03-03,2017-06-28,
2017,32,2017-03-03,2017-06-28,
2017,33,2017-03-03,2017-06-26,
2017,34,2017-03-03,2017-06-13,
2017,35,2017-03-03,2017-06-28,
2017,36,2017-03-03,2017-06-27,
2017,37,2017-03-03,2017-06-27,
2017,38,2017-03-03,2017-06-28,
2017,39,2017-03-03,2017-06-28,
2017,40,2017-03-03,2017-06-29,
2017,41,2017-03-03,2017-06-29,
2017,1,2017-01-19,2017-06-27,F11B06000270007
2016,52,2016-12-01,2017-04-14,
2016,53,2016-12-01,2017-04-14,
2016,54,2016-12-01,2017-04-14,
2016,55,2016-12-01,2017-04-14,
2016,56,2016-12-01,2017-04-04,
2016,57,2016-12-01,2017-04-27,
2016,58,2016-12-01,2017-03-01,
2016,59,2016-12-01,2017-03-01,
2016,60,2016-12-01,2017-04-04,I41J05000020005
2016,61,2016-12-01,2017-05-15,
2016,62,2016-12-01,2017-05-10,
2016,63,2016-12-01,2017-04-11,F91B09000070001
2016,64,2016-12-01,2017-05-12,F12C03000050011
2016,65,2016-12-01,2017-04-13,F12C03000050011
2016,66,2016-12-01,2017-05-23,E31B05000390007
2016,67,2016-12-01,2017-04-27,F81H92000000008
2016,68,2016-12-01,2017-04-13,
2016,69,2016-12-01,2017-03-01,
2016,70,2016-12-01,2017-03-01,
2016,71,2016-12-01,2017-03-08,
2016,72,2016-12-01,2017-03-23,
2016,73,2016-12-01,2017-04-04,
2016,51,2016-11-09,2016-11-25,
2016,25,2016-08-10,2016-11-14,
2016,26,2016-08-10,2016-11-15,
2016,27,2016-08-10,2017-02-11,
2016,28,2016-08-10,2017-01-09,
2016,29,2016-08-10,2016-12-02,
2016,30,2016-08-10,2016-12-29,
2016,31,2016-08-10,2016-12-28,
2016,32,2016-08-10,2017-01-09,
2016,33,2016-08-10,2017-02-15,
2016,34,2016-08-10,,J34C03000000001
2016,35,2016-08-10,2017-01-09,
2016,36,2016-08-10,2017-02-11,
2016,37,2016-08-10,2017-08-04,
2016,38,2016-08-10,2017-03-23,
2016,39,2016-08-10,,F81B05000350007
2016,40,2016-08-10,2016-12-20,J61H03000100001
2016,41,2016-08-10,2017-08-01,F92C05000080011
2016,42,2016-08-10,2017-02-02,F81H92000000008
2016,43,2016-08-10,2016-12-27,
2016,44,2016-08-10,2017-02-13,
2016,45,2016-08-10,2016-12-16,
2016,46,2016-08-10,2016-12-28,
2016,47,2016-08-10,2017-02-16,
2016,48,2016-08-10,2017-02-13,
2016,49,2016-08-10,2017-02-14,
2016,50,2016-08-10,2016-11-21,
2016,1,2016-05-01,2016-08-08,
2016,2,2016-05-01,2016-08-06,
2016,3,2016-05-01,2016-08-13,
2016,4,2016-05-01,2016-08-09,
2016,5,2016-05-01,2016-08-13,
2016,6,2016-05-01,2016-08-17,
2016,7,2016-05-01,2016-08-16,
2016,8,2016-05-01,2016-08-09,
2016,9,2016-05-01,2016-08-16,
2016,10,2016-05-01,2016-08-10,
2016,11,2016-05-01,2016-08-10,
2016,12,2016-05-01,2016-08-10,
2016,13,2016-05-01,2016-12-21,F81B03000120001
2016,14,2016-05-01,2016-08-11,
2016,15,2016-05-01,2016-08-11,
2016,16,2016-05-01,2016-09-09,H11E03000110006
2016,17,2016-05-01,2016-08-12,I41J05000020005
2016,18,2016-05-01,2016-10-24,E31B05000390007
2016,19,2016-05-01,2016-10-25,E31B05000390007
2016,20,2016-05-01,,H59H12000720001
2016,21,2016-05-01,2017-03-07,
2016,22,2016-05-01,2016-08-12,
2016,23,2016-05-01,2016-11-14,
2016,24,2016-05-01,2016-09-09,
2015,97,2015-12-23,2016-03-12,
2015,98,2015-12-23,2016-03-26,
2015,99,2015-12-23,2016-03-22,
2015,100,2015-12-23,2016-03-23,
2015,101,2015-12-23,2016-03-12,
2015,102,2015-12-23,2016-04-19,
2015,103,2015-12-23,2016-03-24,
2015,104,2015-12-23,2016-03-25,
2015,105,2015-12-23,2016-04-26,
2015,106,2015-12-23,2016-05-30,
2015,107,2015-12-23,2016-04-27,B81B03000220004
2015,108,2015-12-23,2016-04-27,
2015,109,2015-12-23,2016-05-28,F12C03000050021
2015,110,2015-12-23,2016-04-19,
2015,111,2015-12-23,2016-03-23,
2015,112,2015-12-23,2016-04-28,
2015,113,2015-12-23,2016-03-12,
2015,114,2015-12-23,2016-03-24,
2015,115,2015-12-23,2016-06-30,
2015,116,2015-12-23,2016-03-22,
2015,117,2015-12-23,2016-03-31,
2015,118,2015-12-23,2016-03-11,
2015,119,2015-12-23,2016-03-11,
2015,120,2015-12-23,2016-03-13,
2015,121,2015-12-23,2016-03-13,
2015,122,2015-12-23,2016-03-13,
2015,123,2015-12-23,2016-03-11,
2015,124,2015-12-23,2016-03-23,
2015,93,2015-11-06,2015-12-18,
2015,94,2015-11-06,2015-12-22,
2015,95,2015-11-06,2016-02-04,
2015,96,2015-11-06,2016-02-03,
2015,55,2015-08-06,2015-12-22,G86G14000280007
2015,56,2015-08-06,2016-01-22,F81H92000000008
2015,57,2015-08-06,,
2015,58,2015-08-06,,
2015,59,2015-08-06,,J44H14001091000
2015,60,2015-08-06,2016-01-29,
2015,61,2015-08-06,2016-01-04,J31H03000530001
2015,62,2015-08-06,2015-11-20,
2015,63,2015-08-06,2015-12-21,
2015,64,2015-08-06,2016-01-29,
2015,65,2015-08-06,2015-10-14,
2015,66,2015-08-06,2015-12-19,
2015,67,2015-08-06,2016-01-05,
2015,68,2015-08-06,2016-01-07,
2015,69,2015-08-06,2015-11-27,
2015,70,2015-08-06,2015-12-19,
2015,71,2015-08-06,2015-12-19,
2015,72,2015-08-06,2015-11-12,
2015,73,2015-08-06,2015-10-19,
2015,74,2015-08-06,2016-01-07,
2015,75,2015-08-06,2015-11-16,
2015,76,2015-08-06,2015-11-16,
2015,77,2015-08-06,2015-11-17,
2015,78,2015-08-06,2015-11-12,
2015,79,2015-08-06,2015-11-17,
2015,80,2015-08-06,2015-11-26,
2015,81,2015-08-06,2015-11-26,
2015,82,2015-08-06,2015-11-18,
2015,83,2015-08-06,2015-11-18,
2015,84,2015-08-06,2015-11-27,
2015,85,2015-08-06,2015-11-10,
2015,86,2015-08-06,2015-11-19,
2015,87,2015-08-06,2015-11-02,
2015,88,2015-08-06,2015-11-02,
2015,89,2015-08-06,2015-11-02,
2015,90,2015-08-06,2015-11-03,
2015,91,2015-08-06,,
2015,92,2015-08-06,2015-12-04,
2015,39,2015-04-29,2015-08-07,
2015,40,2015-04-29,2015-08-03,
2015,41,2015-04-29,2015-08-18,
2015,42,2015-04-29,2015-07-24,
2015,43,2015-04-29,2015-08-18,
2015,44,2015-04-29,2015-07-30,I41J05000020005
2015,45,2015-04-29,2015-08-03,F62C05000020001
2015,46,2015-04-29,2015-07-25,
2015,47,2015-04-29,2015-07-25,
2015,48,2015-04-29,2015-07-27,
2015,49,2015-04-29,2015-07-27,
2015,50,2015-04-29,2015-07-28,
2015,51,2015-04-29,2015-07-28,
2015,52,2015-04-29,2015-08-19,
2015,53,2015-04-29,2015-08-19,
2015,54,2015-04-29,2015-08-19,
2015,38,2015-04-10,2015-06-18,
2015,19,2015-02-20,2015-08-06,C11J05000030001
2015,20,2015-02-20,2015-10-31,F41B98000000001
2015,21,2015-02-20,2015-05-16,
2015,22,2015-02-20,2015-06-19,
2015,23,2015-02-20,2015-07-06,
2015,24,2015-02-20,2015-07-10,
2015,25,2015-02-20,2015-07-16,
2015,26,2015-02-20,2015-07-03,
2015,27,2015-02-20,2015-07-10,
2015,28,2015-02-20,2015-07-04,
2015,29,2015-02-20,2015-07-06,
2015,30,2015-02-20,2015-06-25,
2015,31,2015-02-20,2015-06-17,
2015,32,2015-02-20,2015-07-04,
2015,33,2015-02-20,2015-06-25,
2015,34,2015-02-20,2015-05-18,
2015,35,2015-02-20,2015-06-18,
2015,36,2015-02-20,2015-06-17,
2015,37,2015-02-20,2015-06-05,
2015,1,2015-01-28,2015-08-10,J11C09000000009
2015,2,2015-01-28,2015-07-03,J71H92000000007
2015,3,2015-01-28,2015-06-19,
2015,4,2015-01-28,,
2015,5,2015-01-28,2015-06-18,
2015,6,2015-01-28,2015-04-18,
2015,7,2015-01-28,2015-07-24,
2015,8,2015-01-28,2015-04-23,
2015,9,2015-01-28,2015-04-20,
2015,10,2015-01-28,2015-05-15,
2015,11,2015-01-28,2015-04-13,
2015,12,2015-01-28,2015-04-13,
2015,13,2015-01-28,2015-05-27,
2015,14,2015-01-28,2015-05-14,
2015,15,2015-01-28,2015-07-07,
2015,16,2015-01-28,2015-06-15,
2015,17,2015-01-28,2015-05-12,
2015,18,2015-01-28,2015-05-12,
2014,41,2014-11-10,,F11B03000490008
2014,42,2014-11-10,2015-04-17,D51B02000050001
2014,43,2014-11-10,,F41B01000380001
2014,44,2014-11-10,,J31H03000530001
2014,45,2014-11-10,2015-03-10,F81H91000000018
2014,46,2014-11-10,2015-03-11,
2014,47,2014-11-10,2015-03-19,
2014,48,2014-11-10,2015-03-18,
2014,49,2014-11-10,2015-03-11,
2014,50,2014-11-10,2015-03-12,
2014,51,2014-11-10,,
2014,52,2014-11-10,2015-01-05,
2014,53,2014-11-10,2015-04-01,
2014,54,2014-11-10,2015-04-01,
2014,55,2014-11-10,2015-04-08,
2014,56,2014-11-10,2015-03-18,
2014,57,2014-11-10,2015-04-02,
2014,58,2014-11-10,2015-03-23,
2014,59,2014-11-10,2015-03-23,
2014,60,2014-11-10,2015-03-23,
2014,61,2014-11-10,2015-04-02,
2014,62,2014-11-10,2015-04-02,
2014,63,2014-11-10,2015-03-30,
2014,64,2014-11-10,2015-03-23,
2014,65,2014-11-10,2015-03-17,
2014,66,2014-11-10,2015-02-19,
2014,67,2014-11-10,,
2014,40,2014-10-30,2015-03-17,
2014,23,2014-08-01,2014-12-22,
2014,24,2014-08-01,2015-01-30,F11B06000270007
2014,25,2014-08-01,2014-12-22,
2014,26,2014-08-01,2015-01-05,
2014,27,2014-08-01,2015-01-12,G86G06000020005
2014,28,2014-08-01,2015-03-10,J11H03000170000
2014,29,2014-08-01,2014-12-22,
2014,30,2014-08-01,2014-12-03,
2014,31,2014-08-01,2014-11-17,
2014,32,2014-08-01,2014-12-23,
2014,33,2014-08-01,2014-12-06,
2014,34,2014-08-01,2014-12-23,
2014,35,2014-08-01,2014-12-23,
2014,36,2014-08-01,2014-12-24,
2014,37,2014-08-01,2014-12-24,
2014,38,2014-08-01,2014-11-04,
2014,39,2014-08-01,,
2014,21,2014-06-30,2014-09-22,
2014,22,2014-06-30,2014-09-24,
2014,18,2014-04-18,2014-09-09,
2014,19,2014-04-18,2014-10-18,J11H03000150001
2014,20,2014-04-18,,
2014,2,2014-02-14,2014-06-06,F60H05000000001
2014,3,2014-02-14,,H59H12000720001
2014,4,2014-02-14,2014-08-18,
2014,5,2014-02-14,2014-06-21,
2014,6,2014-02-14,2014-06-21,
2014,7,2014-02-14,2014-06-21,
2014,8,2014-02-14,2014-07-11,
2014,9,2014-02-14,2014-06-24,
2014,10,2014-02-14,2014-06-24,
2014,11,2014-02-14,2014-06-21,
2014,12,2014-02-14,2014-06-18,
2014,13,2014-02-14,2014-12-02,
2014,14,2014-02-14,2014-06-24,
2014,15,2014-02-14,2014-06-13,
2014,16,2014-02-14,2014-06-05,B81I06000000003
2014,17,2014-02-14,2014-08-18,
2014,1,2014-02-06,2014-07-11,
2013,89,2013-12-17,2014-04-07,
2013,90,2013-12-17,2014-04-07,J71H92000030008
2013,91,2013-12-17,2014-05-20,
2013,92,2013-12-17,2014-03-28,
2013,93,2013-12-17,2014-03-28,
2013,94,2013-12-17,2014-03-31,
2013,95,2013-12-17,2014-04-15,
2013,96,2013-12-17,2014-04-23,
2013,97,2013-12-17,2014-04-14,
2013,98,2013-12-17,2014-04-22,
2013,88,2013-12-13,2014-05-16,B41E04000210001
2013,72,2013-11-08,2014-06-13,
2013,73,2013-11-08,,F11B03000490008
2013,74,2013-11-08,2014-03-12,J71H92000030008
2013,75,2013-11-08,2014-04-07,
2013,76,2013-11-08,2014-03-22,
2013,77,2013-11-08,2014-02-18,
2013,78,2013-11-08,2014-03-27,
2013,79,2013-11-08,2014-03-27,
2013,80,2013-11-08,2014-03-22,
2013,81,2013-11-08,2014-03-24,
2013,82,2013-11-08,2014-06-18,
2013,83,2013-11-08,2014-03-27,
2013,84,2013-11-08,2014-04-22,
2013,85,2013-11-08,2014-03-24,
2013,86,2013-11-08,,
2013,87,2013-11-08,2014-02-11,
2013,68,2013-09-27,2014-01-24,F36G05000260008
2013,69,2013-09-27,2014-01-24,
2013,70,2013-09-27,2014-01-25,
2013,71,2013-09-27,2014-02-18,
2013,66,2013-09-09,2014-06-05,B81I06000000003
2013,67,2013-09-09,2014-03-31,D51B02000050001
2013,58,2013-08-08,2013-12-16,F12C03000050010
2013,59,2013-08-08,2014-03-21,
2013,60,2013-08-08,2014-03-13,D51B08000460005
2013,61,2013-08-08,2014-01-31,B41E04000210001
2013,62,2013-08-08,2014-01-15,
2013,63,2013-08-08,2013-12-18,
2013,64,2013-08-08,2013-11-28,
2013,65,2013-08-08,2013-11-27,
2013,50,2013-08-02,2013-11-28,
2013,51,2013-08-02,2014-01-03,B91B03000230000
2013,52,2013-08-02,2014-03-05,J41C07000000001
2013,53,2013-08-02,,
2013,54,2013-08-02,,J71H92000030008
2013,55,2013-08-02,2014-01-14,
2013,56,2013-08-02,2014-03-03,
2013,57,2013-08-02,2013-10-02,
2013,30,2013-07-19,2013-12-19,
2013,31,2013-07-19,2013-12-20,
2013,32,2013-07-19,,
2013,33,2013-07-19,2013-12-27,J11H03000150001
2013,34,2013-07-19,2013-12-04,F81H92000000008
2013,35,2013-07-19,2013-11-22,G59J04000020001
2013,36,2013-07-19,2013-11-02,
2013,37,2013-07-19,2013-10-29,F71B01000160001
2013,38,2013-07-19,2013-10-25,J71H02000011000
2013,39,2013-07-19,2014-02-19,F61B08000160000
2013,40,2013-07-19,2014-04-14,
2013,41,2013-07-19,2013-11-14,
2013,42,2013-07-19,2013-09-12,
2013,43,2013-07-19,2013-09-12,
2013,44,2013-07-19,2013-09-12,
2013,45,2013-07-19,2013-09-12,
2013,46,2013-07-19,2013-10-29,
2013,47,2013-07-19,2013-11-13,
2013,48,2013-07-19,2013-11-13,
2013,49,2013-07-19,2013-11-21,
2013,28,2013-05-31,2013-08-09,I41J05000020005
2013,29,2013-05-31,2013-09-27,
2013,27,2013-03-21,2013-05-24,
2013,20,2013-03-18,2013-06-06,
2013,21,2013-03-18,2013-07-19,
2013,22,2013-03-18,2014-03-21,
2013,23,2013-03-18,,
2013,24,2013-03-18,2013-09-03,
2013,25,2013-03-18,2013-06-22,
2013,26,2013-03-18,2013-06-12,
2013,11,2013-03-08,2013-08-07,J61H03000100001
2013,12,2013-03-08,2013-08-13,F60H05000000001
2013,13,2013-03-08,2013-07-06,
2013,14,2013-03-08,2013-06-17,
2013,15,2013-03-08,2013-07-17,
2013,16,2013-03-08,2013-07-17,
2013,17,2013-03-08,2013-06-19,
2013,18,2013-03-08,2013-06-04,
2013,19,2013-03-08,2013-06-04,
2013,1,2013-02-18,2013-09-03,
2013,2,2013-02-18,2013-07-27,J61H94000000011
2013,3,2013-02-18,,J41H01000080008
2013,4,2013-02-18,2013-06-04,B41I09000070003
2013,5,2013-02-18,,I41J05000020005
2013,6,2013-02-18,2013-05-23,
2013,7,2013-02-18,2013-05-24,
2013,8,2013-02-18,2013-06-04,
2013,9,2013-02-18,2013-06-26,
2013,10,2013-02-18,2013-07-06,
2012,135,2012-12-21,2013-03-15,
2012,136,2012-12-21,2013-05-04,
2012,137,2012-12-21,2013-05-25,
2012,138,2012-12-21,2013-05-09,
2012,139,2012-12-21,2013-05-10,
2012,140,2012-12-21,2013-04-15,D59E04000040004
2012,141,2012-12-21,2013-04-26,
2012,142,2012-12-21,2013-04-26,
2012,143,2012-12-21,2013-04-24,
2012,144,2012-12-21,2013-05-09,
2012,145,2012-12-21,2013-04-24,
2012,146,2012-12-21,2013-04-23,
2012,147,2012-12-21,2013-05-09,
2012,148,2012-12-21,2013-05-02,
2012,149,2012-12-21,2013-04-15,
2012,150,2012-12-21,2013-04-02,
2012,151,2012-12-21,2013-05-20,
2012,152,2012-12-21,2013-04-23,
2012,153,2012-12-21,2013-04-15,
2012,154,2012-12-21,2013-04-18,
2012,155,2012-12-21,2013-04-09,
2012,156,2012-12-21,2013-04-18,
2012,126,2012-12-11,2013-04-16,
2012,127,2012-12-11,2013-06-22,
2012,128,2012-12-11,2013-03-15,
2012,129,2012-12-11,2013-04-15,J15F04000050004
2012,130,2012-12-11,2013-04-27,H11E03000110006
2012,131,2012-12-11,2013-05-25,
2012,132,2012-12-11,2013-03-27,
2012,133,2012-12-11,2013-03-27,
2012,134,2012-12-11,2013-04-15,
2012,97,2012-10-26,2013-04-16,
2012,98,2012-10-26,2013-06-12,C66C11000050000
2012,99,2012-10-26,2013-05-23,F91B04000250001
2012,100,2012-10-26,2013-05-20,H11E03000110006
2012,101,2012-10-26,2013-05-24,J11C06000070003
2012,102,2012-10-26,2013-03-26,H59H12000720001
2012,103,2012-10-26,,
2012,104,2012-10-26,2013-02-15,
2012,105,2012-10-26,2013-01-17,
2012,106,2012-10-26,,
2012,107,2012-10-26,2013-01-23,
2012,108,2012-10-26,2013-01-08,
2012,109,2012-10-26,,
2012,110,2012-10-26,2013-01-08,
2012,111,2012-10-26,2012-12-17,
2012,112,2012-10-26,2013-01-03,
2012,113,2012-10-26,2012-12-17,
2012,114,2012-10-26,2013-03-04,
2012,115,2012-10-26,2013-02-05,
2012,116,2012-10-26,2013-01-16,
2012,117,2012-10-26,2013-02-05,
2012,118,2012-10-26,2013-03-15,
2012,119,2012-10-26,2012-12-24,
2012,120,2012-10-26,2013-01-24,
2012,121,2012-10-26,2013-01-25,
2012,122,2012-10-26,2013-03-04,
2012,123,2012-10-26,,
2012,124,2012-10-26,2013-02-28,
2012,125,2012-10-26,2013-03-01,
2012,85,2012-08-03,2012-12-27,F36G05000260008
2012,86,2012-08-03,,B91B03000230000
2012,87,2012-08-03,2012-11-02,
2012,88,2012-08-03,2012-11-24,
2012,89,2012-08-03,2012-11-23,
2012,90,2012-08-03,2012-11-19,
2012,91,2012-08-03,2012-11-20,
2012,92,2012-08-03,2012-11-14,
2012,93,2012-08-03,2012-11-21,
2012,94,2012-08-03,2012-12-11,
2012,95,2012-08-03,2012-12-17,
2012,96,2012-08-03,2012-11-22,
2012,67,2012-07-11,2012-12-17,
2012,68,2012-07-11,,
2012,69,2012-07-11,,
2012,70,2012-07-11,,
2012,71,2012-07-11,,
2012,72,2012-07-11,,
2012,73,2012-07-11,,
2012,74,2012-07-11,2012-09-18,F51B97000000001
2012,75,2012-07-11,2012-10-31,F82C05000060001
2012,76,2012-07-11,2012-09-18,F31B01000200001
2012,77,2012-07-11,2012-10-04,
2012,78,2012-07-11,2012-10-22,
2012,79,2012-07-11,2012-10-31,
2012,80,2012-07-11,2012-10-04,
2012,81,2012-07-11,2012-10-04,
2012,82,2012-07-11,2012-11-02,
2012,83,2012-07-11,2012-09-10,
2012,84,2012-07-11,2012-09-05,
2012,56,2012-04-30,2012-08-20,
2012,57,2012-04-30,2012-07-27,C21B03000060001
2012,58,2012-04-30,2012-08-18,F12C03000050020
2012,59,2012-04-30,2012-07-26,
2012,60,2012-04-30,2012-07-11,
2012,61,2012-04-30,2012-06-28,
2012,62,2012-04-30,2012-05-26,
2012,63,2012-04-30,2012-05-26,
2012,64,2012-04-30,2012-05-26,
2012,65,2012-04-30,2012-05-26,
2012,66,2012-04-30,2012-06-08,
2012,18,2012-03-23,2012-05-26,F75F07000100007
2012,19,2012-03-23,2012-06-15,F12C03000010001
2012,20,2012-03-23,2012-06-29,B11H03000180008
2012,21,2012-03-23,2012-06-15,
2012,22,2012-03-23,2012-06-19,
2012,23,2012-03-23,2012-08-23,C11J05000030001
2012,24,2012-03-23,2012-05-25,J34C03000000001
2012,25,2012-03-23,,
2012,26,2012-03-23,2012-09-06,
2012,27,2012-03-23,2012-05-26,
2012,28,2012-03-23,2012-06-29,C66C11000050000
2012,29,2012-03-23,2012-06-30,F41B01000370000
2012,30,2012-03-23,2012-07-10,F91B04000250001
2012,31,2012-03-23,2012-06-15,
2012,32,2012-03-23,2012-06-09,
2012,33,2012-03-23,2012-06-28,
2012,34,2012-03-23,2012-07-02,
2012,35,2012-03-23,2012-06-15,
2012,36,2012-03-23,2012-07-03,
2012,37,2012-03-23,2012-07-03,
2012,38,2012-03-23,2012-06-15,
2012,39,2012-03-23,2012-06-16,
2012,40,2012-03-23,2012-06-15,
2012,41,2012-03-23,2012-06-15,
2012,42,2012-03-23,2012-07-06,
2012,43,2012-03-23,2012-07-03,
2012,44,2012-03-23,2012-07-10,
2012,45,2012-03-23,2012-07-04,
2012,46,2012-03-23,2012-07-04,
2012,47,2012-03-23,2012-06-07,
2012,48,2012-03-23,2012-06-08,
2012,49,2012-03-23,2012-07-04,
2012,50,2012-03-23,2012-06-15,
2012,51,2012-03-23,2012-06-05,
2012,52,2012-03-23,2012-06-06,
2012,53,2012-03-23,2012-06-15,
2012,54,2012-03-23,2012-05-12,
2012,55,2012-03-23,2012-05-12,
2012,1,2012-01-20,,
2012,2,2012-01-20,2012-05-07,B11H03000180008
2012,3,2012-01-20,2012-04-16,H31H03000160001
2012,4,2012-01-20,2012-08-23,
2012,5,2012-01-20,2012-04-06,
2012,6,2012-01-20,2012-04-14,
2012,7,2012-01-20,2012-04-23,
2012,8,2012-01-20,2012-05-25,
2012,9,2012-01-20,2012-04-16,
2012,10,2012-01-20,2012-04-06,
2012,11,2012-01-20,2012-04-07,
2012,12,2012-01-20,2012-04-16,
2012,13,2012-01-20,2012-06-29,
2012,14,2012-01-20,2012-04-23,
2012,15,2012-01-20,2012-04-23,
2012,16,2012-01-20,2012-04-27,
2012,17,2012-01-20,2012-03-13,
2011,83,2011-12-06,2012-03-03,
2011,84,2011-12-06,2012-03-01,
2011,85,2011-12-06,2012-04-03,J41C07000000001
2011,86,2011-12-06,2012-03-17,F81H92000000008
2011,87,2011-12-06,2012-04-30,D51B02000050001
2011,88,2011-12-06,2012-03-23,F92C05000080011
2011,89,2011-12-06,2012-03-20,
2011,90,2011-12-06,2012-03-10,
2011,91,2011-12-06,2012-06-15,
2011,92,2011-12-06,2012-03-20,
2011,93,2011-12-06,,
2011,82,2011-10-13,,
2011,78,2011-09-30,2012-01-21,
2011,79,2011-09-30,2012-02-25,
2011,80,2011-09-30,2012-01-25,
2011,81,2011-09-30,2012-01-12,
2011,51,2011-08-03,2012-03-03,I21B05000290007
2011,52,2011-08-03,2012-01-10,F81B03000120001
2011,53,2011-08-03,2011-12-17,F12C03000000001
2011,54,2011-08-03,2012-03-09,J31J05000030011
2011,55,2011-08-03,2011-12-28,F71B01000160001
2011,56,2011-08-03,2012-03-10,F92C05000020001
2011,57,2011-08-03,2011-11-22,C11J05000030001
2011,58,2011-08-03,2012-01-04,
2011,59,2011-08-03,2011-12-05,G86G06000020005
2011,60,2011-08-03,2012-01-10,
2011,61,2011-08-03,2011-10-31,
2011,62,2011-08-03,2011-12-31,
2011,63,2011-08-03,2012-01-12,
2011,64,2011-08-03,2012-01-12,
2011,65,2011-08-03,2011-12-03,
2011,66,2011-08-03,2012-02-08,
2011,67,2011-08-03,2012-02-25,
2011,68,2011-08-03,2011-12-02,
2011,69,2011-08-03,2011-11-18,
2011,70,2011-08-03,2012-07-27,
2011,71,2011-08-03,2011-11-18,
2011,72,2011-08-03,2011-10-11,
2011,73,2011-08-03,2011-10-11,
2011,74,2011-08-03,2011-10-10,
2011,75,2011-08-03,2011-12-21,
2011,76,2011-08-03,2011-11-16,
2011,77,2011-08-03,2011-12-07,
2011,4,2011-05-05,2011-12-28,
2011,5,2011-05-05,2011-12-23,D51B02000050001
2011,6,2011-05-05,2011-10-05,
2011,7,2011-05-05,2011-08-29,F36G05000260008
2011,8,2011-05-05,2011-09-29,B31B09000450006
2011,9,2011-05-05,2011-11-26,F31B01000120001
2011,10,2011-05-05,2011-09-15,F71L05000010001
2011,11,2011-05-05,2011-10-17,F32G05000290001
2011,12,2011-05-05,2011-10-19,
2011,13,2011-05-05,2011-10-31,
2011,14,2011-05-05,2011-10-31,
2011,15,2011-05-05,2011-09-29,
2011,16,2011-05-05,2011-09-15,
2011,17,2011-05-05,2011-12-17,
2011,18,2011-05-05,2011-09-15,
2011,19,2011-05-05,2011-09-15,
2011,20,2011-05-05,2011-09-29,
2011,21,2011-05-05,2011-09-24,
2011,22,2011-05-05,2011-09-30,
2011,23,2011-05-05,2011-09-30,
2011,24,2011-05-05,2011-09-16,
2011,25,2011-05-05,2011-09-24,
2011,26,2011-05-05,2011-09-30,
2011,27,2011-05-05,2011-08-30,
2011,28,2011-05-05,,
2011,29,2011-05-05,2011-08-30,
2011,30,2011-05-05,2011-08-08,
2011,31,2011-05-05,2011-08-31,
2011,32,2011-05-05,2011-09-16,
2011,33,2011-05-05,2011-08-31,
2011,34,2011-05-05,2011-09-16,
2011,35,2011-05-05,2011-09-16,
2011,36,2011-05-05,2011-09-16,
2011,37,2011-05-05,2011-09-16,
2011,38,2011-05-05,2011-09-16,
2011,39,2011-05-05,2011-09-06,
2011,40,2011-05-05,2011-09-06,
2011,41,2011-05-05,2011-09-06,
2011,42,2011-05-05,2011-09-05,
2011,43,2011-05-05,2011-09-05,
2011,44,2011-05-05,2011-09-05,
2011,45,2011-05-05,2011-10-07,
2011,46,2011-05-05,2011-10-08,
2011,47,2011-05-05,2011-08-01,
2011,48,2011-05-05,,
2011,49,2011-05-05,2011-09-24,
2011,50,2011-05-05,2011-10-05,
2011,2,2011-03-23,2011-08-26,
2011,3,2011-03-23,2011-10-06,
2011,1,2011-01-11,2011-04-07,
2010,108,2010-11-26,,
2010,80,2010-11-18,,
2010,81,2010-11-18,2011-04-26,
2010,82,2010-11-18,2011-03-16,J94F04000020001
2010,83,2010-11-18,2011-06-09,I41J05000020005
2010,84,2010-11-18,2011-06-10,F81H92000000008
2010,85,2010-11-18,2011-04-26,J41C07000000001
2010,86,2010-11-18,2011-04-06,
2010,87,2010-11-18,2011-09-12,
2010,88,2010-11-18,2011-08-26,F31B04000310008
2010,89,2010-11-18,2011-01-21,F36G05000260008
2010,90,2010-11-18,,E71D03000000001
2010,91,2010-11-18,2011-03-28,E71B05000050003
2010,92,2010-11-18,2011-03-28,
2010,93,2010-11-18,2011-06-24,
2010,94,2010-11-18,2011-10-31,
2010,95,2010-11-18,2011-03-03,
2010,96,2010-11-18,2011-03-19,
2010,97,2010-11-18,2011-04-11,
2010,98,2010-11-18,2011-04-11,
2010,99,2010-11-18,2011-04-11,
2010,100,2010-11-18,2011-05-07,
2010,101,2010-11-18,2011-08-26,
2010,102,2010-11-18,2011-02-26,
2010,103,2010-11-18,2011-05-31,
2010,104,2010-11-18,2011-08-02,D11E05000000008
2010,105,2010-11-18,2011-04-11,
2010,106,2010-11-18,2011-04-11,
2010,107,2010-11-18,2011-04-23,
2010,79,2010-07-30,2010-11-26,
2010,60,2010-07-22,2011-03-04,
2010,61,2010-07-22,2011-02-22,B11H03000180008
2010,62,2010-07-22,2012-01-11,F81B03000120001
2010,63,2010-07-22,2010-11-29,
2010,64,2010-07-22,2011-01-11,
2010,65,2010-07-22,2011-01-05,
2010,66,2010-07-22,2011-08-26,
2010,67,2010-07-22,2010-09-14,
2010,68,2010-07-22,2010-12-18,
2010,69,2010-07-22,2010-12-17,
2010,70,2010-07-22,2010-10-05,
2010,71,2010-07-22,2011-12-16,F12C03000000001
2010,72,2010-07-22,2011-01-14,
2010,73,2010-07-22,2010-11-08,B81B03000220004
2010,74,2010-07-22,2011-03-14,
2010,75,2010-07-22,2010-11-06,J17H02000080004
2010,76,2010-07-22,2010-11-06,J17H02000090004
2010,77,2010-07-22,2010-10-16,
2010,78,2010-07-22,2010-10-07,
2010,59,2010-05-20,,
2010,4,2010-05-13,2010-09-14,G17H03000130011
2010,5,2010-05-13,2010-09-04,
2010,6,2010-05-13,2010-09-06,
2010,7,2010-05-13,2010-09-06,
2010,8,2010-05-13,2010-09-04,
2010,9,2010-05-13,2010-09-03,
2010,10,2010-05-13,2010-09-21,
2010,11,2010-05-13,2010-09-21,
2010,12,2010-05-13,2010-09-21,
2010,13,2010-05-13,2010-09-21,
2010,14,2010-05-13,,
2010,15,2010-05-13,2010-08-18,
2010,16,2010-05-13,2010-10-06,
2010,17,2010-05-13,2010-10-04,
2010,18,2010-05-13,2010-10-02,
2010,19,2010-05-13,,
2010,20,2010-05-13,2010-10-06,
2010,21,2010-05-13,2010-10-06,
2010,22,2010-05-13,2010-10-06,
2010,23,2010-05-13,2010-10-06,
2010,24,2010-05-13,2010-10-02,
2010,25,2010-05-13,2010-10-15,
2010,26,2010-05-13,2010-10-15,
2010,27,2010-05-13,2011-01-17,
2010,28,2010-05-13,2010-10-11,
2010,29,2010-05-13,2010-12-30,
2010,30,2010-05-13,2010-10-26,
2010,31,2010-05-13,2010-12-31,
2010,32,2010-05-13,2010-09-14,
2010,33,2010-05-13,2011-02-21,J31J05000010001
2010,34,2010-05-13,2010-11-26,F31B01000120001
2010,35,2010-05-13,,J26E07000010001
2010,36,2010-05-13,,
2010,37,2010-05-13,2010-09-14,F81B01000360001
2010,38,2010-05-13,2011-10-10,G84E04000020001
2010,39,2010-05-13,2010-11-16,
2010,40,2010-05-13,2010-11-05,
2010,41,2010-05-13,2010-11-16,
2010,42,2010-05-13,2010-09-21,
2010,43,2010-05-13,2010-09-21,
2010,44,2010-05-13,2010-10-09,
2010,45,2010-05-13,2010-08-18,
2010,46,2010-05-13,2010-08-18,
2010,47,2010-05-13,2010-10-09,
2010,48,2010-05-13,2010-08-18,
2010,49,2010-05-13,2010-10-11,
2010,50,2010-05-13,2010-10-11,
2010,51,2010-05-13,2010-10-12,
2010,52,2010-05-13,2010-10-13,
2010,53,2010-05-13,,
2010,54,2010-05-13,2010-09-14,
2010,55,2010-05-13,,
2010,56,2010-05-13,2011-01-03,
2010,57,2010-05-13,2010-07-28,
2010,58,2010-05-13,2010-08-31,
2010,1,2010-01-22,2010-11-06,
2010,2,2010-01-22,2010-11-08,G61B04000060008
2010,3,2010-01-22,2010-08-06,F12C03000000001
2009,120,2009-12-17,2010-06-12,
2009,121,2009-12-17,2010-12-18,C11H03000080003
2009,122,2009-12-17,2010-12-31,
2009,123,2009-12-17,2010-04-06,
2009,118,2009-12-03,2009-12-24,
2009,119,2009-12-03,2010-05-07,
2009,82,2009-11-06,2010-02-04,
2009,83,2009-11-06,2010-12-17,
2009,84,2009-11-06,2010-12-18,
2009,85,2009-11-06,2010-03-23,G57H04000050001
2009,86,2009-11-06,2011-01-29,
2009,87,2009-11-06,2010-03-08,
2009,88,2009-11-06,2010-02-24,
2009,89,2009-11-06,2010-03-22,
2009,90,2009-11-06,2010-03-08,
2009,91,2009-11-06,2010-02-23,
2009,92,2009-11-06,2010-02-24,
2009,93,2009-11-06,2010-02-24,
2009,94,2009-11-06,2010-09-01,
2009,95,2009-11-06,2010-02-04,
2009,96,2009-11-06,2010-07-13,
2009,97,2009-11-06,2010-02-18,F11B06000270007
2009,98,2009-11-06,2010-03-04,B81B03000220004
2009,99,2009-11-06,2010-05-12,B41I07000120005
2009,100,2009-11-06,2010-05-12,J81H02000000001
2009,101,2009-11-06,2011-03-03,F81H92000000008
2009,102,2009-11-06,2010-02-13,C11H03000080003
2009,103,2009-11-06,2010-12-18,
2009,104,2009-11-06,2010-03-22,
2009,105,2009-11-06,2010-02-23,
2009,106,2009-11-06,2010-03-22,
2009,107,2009-11-06,,
2009,108,2009-11-06,,
2009,109,2009-11-06,2010-09-06,
2009,110,2009-11-06,2010-03-22,
2009,111,2009-11-06,2010-03-20,
2009,112,2009-11-06,2010-03-22,
2009,113,2009-11-06,2010-03-09,
2009,114,2009-11-06,2010-03-22,
2009,115,2009-11-06,2010-02-04,
2009,116,2009-11-06,2010-01-28,
2009,117,2009-11-06,,
2009,80,2009-09-22,,
2009,81,2009-09-22,2010-03-03,J41C07000000001
2009,53,2009-07-31,2010-01-21,
2009,54,2009-07-31,2009-11-23,C61C06000100003
2009,55,2009-07-31,2010-01-21,J61C06000060001
2009,56,2009-07-31,2010-01-09,
2009,57,2009-07-31,2010-01-08,
2009,58,2009-07-31,2009-11-16,
2009,59,2009-07-31,2010-01-21,
2009,60,2009-07-31,2009-12-05,
2009,61,2009-07-31,2009-11-19,
2009,62,2009-07-31,2009-11-21,
2009,63,2009-07-31,2009-11-03,
2009,64,2009-07-31,2010-01-08,
2009,65,2009-07-31,2010-02-13,
2009,66,2009-07-31,2009-09-19,
2009,67,2009-07-31,2009-12-21,
2009,68,2009-07-31,2010-01-21,
2009,69,2009-07-31,2009-09-02,
2009,70,2009-07-31,2009-11-05,
2009,71,2009-07-31,2010-02-05,I41J05000020005
2009,72,2009-07-31,,
2009,73,2009-07-31,2010-01-21,F67I01000010002
2009,74,2009-07-31,2010-02-26,F71L05000010001
2009,75,2009-07-31,2010-01-29,F81H03000050009
2009,76,2009-07-31,2010-01-21,F32C04000070002
2009,77,2009-07-31,2009-10-17,J11H03000170000
2009,78,2009-07-31,2009-11-11,
2009,79,2009-07-31,2009-10-16,
2009,52,2009-07-15,2010-01-21,
2009,26,2009-06-26,2009-08-28,
2009,27,2009-06-26,2009-08-28,
2009,28,2009-06-26,2009-11-19,
2009,29,2009-06-26,2009-09-26,
2009,30,2009-06-26,2009-09-28,
2009,31,2009-06-26,2009-08-27,
2009,32,2009-06-26,,
2009,33,2009-06-26,2009-09-30,
2009,34,2009-06-26,,
2009,35,2009-06-26,2009-10-19,
2009,36,2009-06-26,2009-12-30,
2009,37,2009-06-26,2010-01-21,
2009,38,2009-06-26,2009-11-20,F91B01000390001
2009,39,2009-06-26,2009-11-13,F91B01000390001
2009,40,2009-06-26,2009-10-19,J34C03000000001
2009,41,2009-06-26,2010-01-21,
2009,42,2009-06-26,2009-08-11,
2009,43,2009-06-26,2010-02-09,H31B01000250008
2009,44,2009-06-26,2009-09-29,
2009,45,2009-06-26,2009-09-30,
2009,46,2009-06-26,2010-01-09,
2009,47,2009-06-26,2009-10-08,
2009,48,2009-06-26,2010-02-05,
2009,49,2009-06-26,2009-10-12,
2009,50,2009-06-26,2009-10-12,
2009,51,2009-06-26,2010-01-21,
2009,12,2009-05-08,2009-07-24,J34C03000000001
2009,13,2009-05-08,2009-08-10,
2009,14,2009-05-08,2009-07-11,
2009,15,2009-05-08,2009-06-19,
2009,16,2009-05-08,2009-06-19,
2009,17,2009-05-08,2009-07-29,
2009,18,2009-05-08,2009-06-18,
2009,19,2009-05-08,2009-12-29,J81H02000000001
2009,20,2009-05-08,2009-12-23,F82C06000010001
2009,21,2009-05-08,2009-06-08,J41C07000000001
2009,22,2009-05-08,2009-10-09,I41J05000020005
2009,23,2009-05-08,2009-12-29,
2009,24,2009-05-08,,
2009,25,2009-05-08,2009-08-10,
2009,1,2009-03-06,2009-06-16,
2009,2,2009-03-06,2009-04-18,
2009,3,2009-03-06,2009-06-06,
2009,4,2009-03-06,2009-05-27,
2009,5,2009-03-06,2009-09-28,
2009,6,2009-03-06,2009-05-14,
2009,7,2009-03-06,2009-05-14,
2009,8,2009-03-06,2009-05-14,
2009,9,2009-03-06,2009-05-20,
2009,10,2009-03-06,2009-05-26,
2009,11,2009-03-06,2009-07-08,
2008,93,2008-12-18,2009-03-31,
2008,94,2008-12-18,2009-03-30,
2008,95,2008-12-18,2009-03-25,
2008,96,2008-12-18,2009-03-26,
2008,97,2008-12-18,2009-03-18,
2008,98,2008-12-18,2009-03-17,
2008,99,2008-12-18,2009-04-03,
2008,100,2008-12-18,2009-04-02,
2008,101,2008-12-18,2009-04-15,
2008,102,2008-12-18,2009-04-15,
2008,103,2008-12-18,2009-04-15,
2008,104,2008-12-18,2009-04-15,
2008,105,2008-12-18,2009-03-16,
2008,106,2008-12-18,2009-05-14,B61E04000040003
2008,107,2008-12-18,2009-03-14,
2008,108,2008-12-18,2009-03-28,
2008,109,2008-12-18,,G17H03000130011
2008,110,2008-12-18,2009-03-24,
2008,111,2008-12-18,2009-03-25,
2008,112,2008-12-18,2009-04-15,
2008,113,2008-12-18,2009-04-18,
2008,114,2008-12-18,2009-05-14,
2008,115,2008-12-18,2009-05-26,
2008,116,2008-12-18,2009-05-14,F36G05000260008
2008,117,2008-12-18,2009-03-26,
2008,118,2008-12-18,2009-03-26,
2008,119,2008-12-18,2009-05-14,
2008,120,2008-12-18,2009-03-28,
2008,121,2008-12-18,2009-04-18,
2008,91,2008-09-30,2008-11-04,C11H03000080003
2008,92,2008-09-30,,
2008,90,2008-09-23,,
2008,70,2008-08-01,2009-03-10,B41I07000120005
2008,71,2008-08-01,2009-03-04,J81H02000000001
2008,72,2008-08-01,2009-03-05,E24E04000120007
2008,73,2008-08-01,2009-01-17,
2008,74,2008-08-01,2008-10-21,
2008,75,2008-08-01,,
2008,76,2008-08-01,2008-10-27,
2008,77,2008-08-01,2008-10-27,
2008,78,2008-08-01,2008-10-27,
2008,79,2008-08-01,2009-04-15,F32C05000330001
2008,80,2008-08-01,2009-04-01,E71D03000000001
2008,81,2008-08-01,2009-02-02,C21H04000080005
2008,82,2008-08-01,2009-01-13,C91H04000240005
2008,83,2008-08-01,2009-02-21,F12C03000050010
2008,84,2008-08-01,2009-02-14,F12C03000010001
2008,85,2008-08-01,2009-01-13,
2008,86,2008-08-01,2008-11-29,
2008,87,2008-08-01,2009-01-17,
2008,88,2008-08-01,2009-01-13,
2008,89,2008-08-01,2009-01-13,
2008,69,2008-07-04,,
2008,55,2008-04-02,2008-08-13,
2008,56,2008-04-02,2009-01-13,H81C05000030003
2008,57,2008-04-02,2008-09-10,
2008,58,2008-04-02,2008-08-06,
2008,59,2008-04-02,,
2008,60,2008-04-02,2009-02-02,
2008,61,2008-04-02,2008-08-06,
2008,62,2008-04-02,2008-10-08,
2008,63,2008-04-02,2008-10-10,
2008,64,2008-04-02,2008-08-20,
2008,65,2008-04-02,2008-10-09,
2008,66,2008-04-02,2008-10-09,
2008,67,2008-04-02,2009-02-02,J62I03000040009
2008,68,2008-04-02,2009-01-17,E71B04000030001
2008,23,2008-03-27,,
2008,24,2008-03-27,2008-07-07,
2008,25,2008-03-27,2009-01-08,B61E04000040003
2008,26,2008-03-27,2008-10-11,J71H02000110008
2008,27,2008-03-27,,F12C03000050010
2008,28,2008-03-27,2009-01-13,F11B07000050001
2008,29,2008-03-27,2008-11-29,F32C05000290001
2008,30,2008-03-27,2008-10-11,F92C05000080011
2008,31,2008-03-27,,F12C03000010001
2008,32,2008-03-27,,J94F04000020001
2008,33,2008-03-27,2009-01-13,
2008,34,2008-03-27,2008-08-06,
2008,35,2008-03-27,2008-09-10,
2008,36,2008-03-27,2008-09-10,
2008,37,2008-03-27,2008-08-20,
2008,38,2008-03-27,2008-08-06,
2008,39,2008-03-27,2008-06-28,
2008,40,2008-03-27,2008-08-13,
2008,41,2008-03-27,2008-09-10,
2008,42,2008-03-27,2008-09-10,
2008,43,2008-03-27,2008-06-28,
2008,44,2008-03-27,2008-10-10,
2008,45,2008-03-27,2008-09-10,
2008,46,2008-03-27,2008-09-10,
2008,47,2008-03-27,2008-08-06,
2008,48,2008-03-27,2008-06-28,
2008,49,2008-03-27,2008-05-31,
2008,50,2008-03-27,2008-08-06,G17H03000130011
2008,51,2008-03-27,2008-06-03,
2008,52,2008-03-27,2009-02-02,J62I03000040009
2008,53,2008-03-27,,E71B04000030001
2008,54,2008-03-27,2009-01-13,
2008,16,2008-02-21,2008-11-07,B61E04000040003
2008,17,2008-02-21,2009-01-08,
2008,18,2008-02-21,2008-06-27,
2008,19,2008-02-21,2008-09-10,
2008,20,2008-02-21,,G17H03000130011
2008,21,2008-02-21,2008-09-10,
2008,22,2008-02-21,2008-10-16,G41B04000250008
2008,6,2008-01-31,,
2008,7,2008-01-31,2008-08-14,J31H03000530001
2008,8,2008-01-31,2008-08-06,F32C05000320001
2008,9,2008-01-31,2009-01-19,J34C03000000001
2008,10,2008-01-31,,J51C05000030008
2008,11,2008-01-31,2008-07-29,
2008,12,2008-01-31,2009-02-05,B41E76000000004
2008,13,2008-01-31,2008-09-10,F71I05000010001
2008,14,2008-01-31,2008-09-10,
2008,15,2008-01-31,2008-06-28,
2008,5,2008-01-30,2008-06-06,
2008,1,2008-01-25,,
2008,2,2008-01-25,2008-06-17,J91E01000030021
2008,3,2008-01-25,2008-08-05,G86G06000020005
2008,4,2008-01-25,2008-04-29,
2007,136,2007-12-21,,J81H02000000001
2007,137,2007-12-21,2008-06-24,D91H98000000003
2007,138,2007-12-21,2008-07-02,
2007,139,2007-12-21,2008-08-01,
2007,140,2007-12-21,2008-06-17,J91E01000030021
2007,141,2007-12-21,,J26E07000010001
2007,142,2007-12-21,,B41I07000110005
2007,143,2007-12-21,2008-06-23,
2007,144,2007-12-21,2008-05-13,
2007,145,2007-12-21,2008-06-12,
2007,146,2007-12-21,2008-05-13,
2007,147,2007-12-21,2008-05-24,
2007,148,2007-12-21,2008-03-22,
2007,149,2007-12-21,2008-06-12,
2007,150,2007-12-21,2008-06-12,
2007,151,2007-12-21,2008-06-12,
2007,152,2007-12-21,2008-06-12,
2007,153,2007-12-21,2008-05-24,
2007,154,2007-12-21,2008-06-12,
2007,155,2007-12-21,2008-06-25,
2007,156,2007-12-21,2008-07-02,
2007,157,2007-12-21,2008-05-28,
2007,158,2007-12-21,2008-06-12,
2007,159,2007-12-21,2008-05-24,
2007,160,2007-12-21,2008-05-24,
2007,161,2007-12-21,2008-05-24,
2007,162,2007-12-21,,
2007,163,2007-12-21,2008-09-10,
2007,164,2007-12-21,2008-09-18,E24E04000110007
2007,165,2007-12-21,2008-09-10,F82C06000010001
2007,166,2007-12-21,2008-05-13,
2007,167,2007-12-21,2008-07-02,
2007,168,2007-12-21,2008-06-26,
2007,169,2007-12-21,2008-06-27,
2007,135,2007-12-11,2007-12-29,
2007,127,2007-11-29,,
2007,128,2007-11-29,2008-05-13,
2007,129,2007-11-29,2008-05-13,
2007,130,2007-11-29,2008-05-13,
2007,131,2007-11-29,2008-03-27,
2007,132,2007-11-29,2008-03-25,
2007,133,2007-11-29,2008-03-27,
2007,134,2007-11-29,2008-03-27,
2007,124,2007-11-23,2008-03-21,
2007,125,2007-11-23,2008-03-31,
2007,126,2007-11-23,2008-09-15,H11E03000110006
2007,111,2007-11-09,2008-02-28,
2007,112,2007-11-09,2008-03-27,
2007,113,2007-11-09,2008-01-31,
2007,114,2007-11-09,2008-01-31,
2007,115,2007-11-09,2008-01-31,
2007,116,2007-11-09,2008-01-31,
2007,117,2007-11-09,2008-02-05,
2007,118,2007-11-09,,
2007,119,2007-11-09,,
2007,120,2007-11-09,,B46J99000650003
2007,121,2007-11-09,2008-07-08,J91B06000240012
2007,122,2007-11-09,2008-03-27,
2007,123,2007-11-09,2008-05-13,F92C03000000021
2007,105,2007-10-04,2008-03-27,
2007,106,2007-10-04,2008-05-29,
2007,107,2007-10-04,,
2007,108,2007-10-04,2007-11-02,
2007,109,2007-10-04,2007-11-03,
2007,110,2007-10-04,2007-10-31,
2007,93,2007-09-28,2008-05-24,I29J04000010001
2007,94,2007-09-28,2007-11-23,
2007,95,2007-09-28,2007-11-23,
2007,96,2007-09-28,2007-11-22,
2007,97,2007-09-28,2007-11-22,
2007,98,2007-09-28,2008-04-01,
2007,99,2007-09-28,2008-01-31,
2007,100,2007-09-28,2007-12-28,
2007,101,2007-09-28,2007-11-28,
2007,102,2007-09-28,2008-02-21,
2007,103,2007-09-28,2008-05-13,C31H04000120005
2007,104,2007-09-28,,
2007,89,2007-08-30,,
2007,90,2007-08-30,2008-01-31,C31H04000120005
2007,91,2007-08-30,2008-02-27,
2007,92,2007-08-30,2008-06-12,B81I06000000003
2007,70,2007-08-03,2008-01-31,
2007,71,2007-08-03,2008-02-21,
2007,72,2007-08-03,2008-01-31,E71B05000050003
2007,73,2007-08-03,2008-02-28,G99E05000030007
2007,74,2007-08-03,2008-01-31,
2007,75,2007-08-03,,
2007,76,2007-08-03,2007-11-21,
2007,77,2007-08-03,2008-02-21,
2007,78,2007-08-03,2008-05-13,F92C03000000021
2007,79,2007-08-03,2008-01-31,
2007,80,2007-08-03,2007-11-21,
2007,81,2007-08-03,2007-12-18,
2007,82,2007-08-03,2007-12-29,
2007,83,2007-08-03,2008-03-27,
2007,84,2007-08-03,2007-11-03,
2007,85,2007-08-03,2007-11-21,
2007,86,2007-08-03,2007-12-18,G17H03000130001
2007,87,2007-08-03,,
2007,88,2007-08-03,2007-10-29,
2007,51,2007-07-20,2007-10-29,F12C03000000001
2007,52,2007-07-20,2007-10-29,J17H02000080004
2007,53,2007-07-20,2007-10-29,J17H02000090004
2007,54,2007-07-20,2007-10-29,J15F04000050004
2007,55,2007-07-20,2007-10-31,
2007,56,2007-07-20,2007-11-02,
2007,57,2007-07-20,2007-10-29,
2007,58,2007-07-20,2007-10-16,
2007,59,2007-07-20,2007-10-17,
2007,60,2007-07-20,2007-10-17,
2007,61,2007-07-20,2007-10-18,
2007,62,2007-07-20,2007-10-18,
2007,63,2007-07-20,,
2007,64,2007-07-20,,
2007,65,2007-07-20,,
2007,66,2007-07-20,2007-10-04,
2007,67,2007-07-20,2008-01-31,
2007,68,2007-07-20,2007-11-06,
2007,69,2007-07-20,2007-10-29,
2007,45,2007-06-28,,
2007,46,2007-06-28,2008-01-07,
2007,47,2007-06-28,2008-03-27,
2007,48,2007-06-28,2008-01-31,
2007,49,2007-06-28,2008-01-31,
2007,50,2007-06-28,2007-10-30,
2007,30,2007-06-15,,
2007,31,2007-06-15,2007-11-06,
2007,32,2007-06-15,2007-08-01,
2007,33,2007-06-15,2007-09-18,
2007,34,2007-06-15,2007-10-02,
2007,35,2007-06-15,2007-09-18,
2007,36,2007-06-15,2007-10-16,
2007,37,2007-06-15,2007-10-02,
2007,38,2007-06-15,2007-09-22,
2007,39,2007-06-15,2007-08-25,
2007,40,2007-06-15,2007-10-29,
2007,41,2007-06-15,2007-10-29,
2007,42,2007-06-15,2007-10-29,
2007,43,2007-06-15,,
2007,44,2007-06-15,2007-10-02,
2007,27,2007-05-23,2007-08-07,
2007,28,2007-05-23,2007-08-08,
2007,29,2007-05-23,,
2007,23,2007-05-17,,
2007,24,2007-05-17,,
2007,25,2007-05-17,2007-08-02,
2007,26,2007-05-17,2007-08-02,
2007,18,2007-04-24,2007-06-20,
2007,19,2007-04-24,2007-06-22,
2007,20,2007-04-24,2007-06-22,
2007,21,2007-04-24,2007-06-25,
2007,22,2007-04-24,2007-06-25,
2007,13,2007-04-05,2007-07-17,
2007,14,2007-04-05,2007-06-20,
2007,15,2007-04-05,2007-06-20,
2007,16,2007-04-05,2007-08-01,
2007,17,2007-04-05,,
2007,4,2007-03-16,2007-06-06,
2007,5,2007-03-16,2007-06-06,
2007,6,2007-03-16,,G17H03000130001
2007,7,2007-03-16,2007-06-06,J94E04000010001
2007,8,2007-03-16,2007-06-06,
2007,9,2007-03-16,2007-06-06,
2007,10,2007-03-16,2007-04-27,
2007,11,2007-03-16,2007-06-06,
2007,12,2007-03-16,2007-06-06,
2007,1,2007-01-26,2007-02-19,
2007,2,2007-01-26,2007-03-12,
2007,3,2007-01-26,2007-04-26,
2006,156,2006-12-22,2007-05-07,F12C05000080001
2006,157,2006-12-22,,
2006,158,2006-12-22,,
2006,159,2006-12-22,2007-03-14,
2006,160,2006-12-22,,
2006,161,2006-12-22,2007-05-09,
2006,162,2006-12-22,2007-05-12,
2006,163,2006-12-22,2007-04-20,
2006,164,2006-12-22,2007-04-23,
2006,165,2006-12-22,2007-04-23,
2006,166,2006-12-22,2007-04-10,
2006,167,2006-12-22,2007-04-10,
2006,168,2006-12-22,2007-03-14,
2006,169,2006-12-22,2007-04-20,
2006,170,2006-12-22,2007-04-21,
2006,171,2006-12-22,2007-03-14,
2006,172,2006-12-22,2007-04-21,
2006,173,2006-12-22,2007-04-23,
2006,174,2006-12-22,2007-04-24,
2006,175,2006-12-22,2007-04-23,
2006,176,2006-12-22,2007-04-23,
2006,177,2006-12-22,2007-04-23,
2006,178,2006-12-22,2007-05-14,
2006,179,2006-12-22,2007-05-23,
2006,180,2006-12-22,2007-06-06,
2006,181,2006-12-22,2007-06-06,
2006,182,2006-12-22,2007-04-10,
2006,183,2006-12-22,2007-03-27,
2006,184,2006-12-22,2007-03-30,
2006,185,2006-12-22,2007-03-26,
2006,186,2006-12-22,2007-03-27,
2006,187,2006-12-22,2007-03-28,
2006,188,2006-12-22,2007-03-23,
2006,189,2006-12-22,2007-03-31,
2006,190,2006-12-22,2007-04-03,
2006,191,2006-12-22,2007-04-03,
2006,192,2006-12-22,2007-04-04,
2006,193,2006-12-22,2007-04-10,
2006,194,2006-12-22,2007-04-10,
2006,195,2006-12-22,2007-04-10,
2006,196,2006-12-22,2007-04-10,
2006,197,2006-12-22,2007-04-10,
2006,198,2006-12-22,2007-04-10,
2006,199,2006-12-22,2007-04-10,
2006,200,2006-12-22,2007-04-10,
2006,201,2006-12-22,2007-04-10,
2006,202,2006-12-22,2007-04-10,
2006,203,2006-12-22,2007-04-10,
2006,204,2006-12-22,2007-04-10,
2006,205,2006-12-22,2007-04-10,
2006,206,2006-12-22,2007-05-14,
2006,207,2006-12-22,2007-04-24,
2006,208,2006-12-22,2007-04-27,
2006,209,2006-12-22,2007-05-10,
2006,210,2006-12-22,2007-05-10,
2006,211,2006-12-22,2007-05-11,
2006,212,2006-12-22,2007-05-07,
2006,135,2006-11-17,2007-02-14,
2006,136,2006-11-17,2007-04-10,
2006,137,2006-11-17,,
2006,138,2006-11-17,,
2006,139,2006-11-17,,
2006,140,2006-11-17,2007-01-23,
2006,141,2006-11-17,2007-01-23,
2006,142,2006-11-17,2007-01-22,
2006,143,2006-11-17,2007-04-10,
2006,144,2006-11-17,2006-12-16,
2006,145,2006-11-17,2007-05-07,
2006,146,2006-11-17,2007-04-10,G89J04000040001
2006,147,2006-11-17,2007-01-19,D57H04000080001
2006,148,2006-11-17,2007-05-07,J65F05000070001
2006,149,2006-11-17,2007-02-16,
2006,150,2006-11-17,2007-03-17,F12C05000080001
2006,151,2006-11-17,2007-01-18,G17H03000130001
2006,152,2006-11-17,2007-01-17,
2006,153,2006-11-17,2007-01-17,
2006,154,2006-11-17,2006-12-28,
2006,155,2006-11-17,,B46J99000650003
2006,133,2006-09-29,,
2006,134,2006-09-29,,
2006,131,2006-05-09,2006-06-27,
2006,132,2006-05-09,2006-12-06,G61B04000060008
2006,128,2006-04-06,2006-06-21,
2006,129,2006-04-06,2006-10-30,
2006,130,2006-04-06,2006-08-28,
2006,74,2006-03-29,2006-08-24,
2006,75,2006-03-29,2006-08-25,
2006,76,2006-03-29,2006-10-26,
2006,77,2006-03-29,2006-11-23,
2006,78,2006-03-29,2006-09-09,
2006,79,2006-03-29,2006-08-25,
2006,80,2006-03-29,2006-08-25,
2006,81,2006-03-29,2006-09-11,
2006,82,2006-03-29,2006-08-25,
2006,83,2006-03-29,2006-12-14,
2006,84,2006-03-29,2006-08-25,
2006,85,2006-03-29,2006-09-22,
2006,86,2006-03-29,2006-09-30,E31J03000000001
2006,87,2006-03-29,2006-11-06,
2006,88,2006-03-29,2006-08-25,
2006,89,2006-03-29,2007-03-10,
2006,90,2006-03-29,2006-12-07,
2006,91,2006-03-29,2006-08-16,F82C06000010001
2006,92,2006-03-29,2006-11-06,I71I05000020001
2006,93,2006-03-29,2006-11-04,
2006,94,2006-03-29,2006-11-23,
2006,95,2006-03-29,2006-08-25,
2006,96,2006-03-29,2006-09-23,
2006,97,2006-03-29,2006-08-26,
2006,98,2006-03-29,2006-11-07,
2006,99,2006-03-29,2006-11-07,D57H04000080001
2006,100,2006-03-29,2006-12-01,
2006,101,2006-03-29,2006-10-27,
2006,102,2006-03-29,2006-08-26,
2006,103,2006-03-29,2006-08-28,
2006,104,2006-03-29,2006-11-23,
2006,105,2006-03-29,2006-12-01,
2006,106,2006-03-29,2006-11-24,G86G06000020005
2006,107,2006-03-29,2006-11-23,G89J04000040001
2006,108,2006-03-29,2006-11-23,B74E01000030001
2006,109,2006-03-29,2006-08-28,
2006,110,2006-03-29,2006-08-28,G59J04000020001
2006,111,2006-03-29,2006-12-27,
2006,112,2006-03-29,2006-09-14,B81I06000000003
2006,113,2006-03-29,2006-10-26,
2006,114,2006-03-29,2006-09-30,
2006,115,2006-03-29,2006-12-28,
2006,116,2006-03-29,2006-11-07,F11B04000210000
2006,117,2006-03-29,2006-11-23,
2006,118,2006-03-29,2006-11-07,
2006,119,2006-03-29,,
2006,122,2006-03-29,,
2006,123,2006-03-29,,
2006,124,2006-03-29,2006-09-15,
2006,125,2006-03-29,,
2006,126,2006-03-29,2006-11-23,
2006,127,2006-03-29,2006-11-24,
2006,1,2006-03-22,2006-06-21,
2006,2,2006-03-22,2006-06-22,
2006,3,2006-03-22,2006-06-23,
2006,4,2006-03-22,2006-05-30,
2006,5,2006-03-22,2006-09-12,
2006,6,2006-03-22,2006-08-08,
2006,7,2006-03-22,2006-06-27,
2006,8,2006-03-22,2006-08-08,
2006,9,2006-03-22,2006-08-08,
2006,10,2006-03-22,2006-11-23,
2006,11,2006-03-22,2006-11-06,
2006,12,2006-03-22,2006-10-24,
2006,13,2006-03-22,2006-09-30,
2006,14,2006-03-22,2006-11-03,
2006,15,2006-03-22,2006-08-12,
2006,16,2006-03-22,2006-08-04,
2006,17,2006-03-22,2006-07-18,
2006,18,2006-03-22,2006-08-04,
2006,19,2006-03-22,2006-08-12,
2006,20,2006-03-22,2006-07-17,
2006,21,2006-03-22,2006-07-17,
2006,22,2006-03-22,2006-07-18,
2006,23,2006-03-22,2006-06-23,
2006,24,2006-03-22,2006-06-23,
2006,25,2006-03-22,2006-06-23,
2006,26,2006-03-22,2006-06-26,
2006,27,2006-03-22,2006-06-26,
2006,28,2006-03-22,2006-06-26,
2006,29,2006-03-22,2006-08-11,
2006,30,2006-03-22,2006-06-09,
2006,31,2006-03-22,2006-06-09,
2006,32,2006-03-22,2006-06-09,
2006,33,2006-03-22,2006-06-09,
2006,34,2006-03-22,2006-06-10,
2006,35,2006-03-22,2006-06-10,
2006,36,2006-03-22,2006-06-10,
2006,37,2006-03-22,2006-08-17,
2006,38,2006-03-22,2006-08-17,
2006,39,2006-03-22,2006-07-15,
2006,40,2006-03-22,,
2006,41,2006-03-22,2006-07-28,
2006,42,2006-03-22,2006-08-17,
2006,43,2006-03-22,2006-06-14,
2006,44,2006-03-22,2006-06-19,
2006,45,2006-03-22,2006-08-21,
2006,46,2006-03-22,,
2006,47,2006-03-22,,
2006,48,2006-03-22,,
2006,49,2006-03-22,,
2006,50,2006-03-22,,
2006,51,2006-03-22,,
2006,52,2006-03-22,,
2006,53,2006-03-22,,
2006,54,2006-03-22,,
2006,55,2006-03-22,,
2006,56,2006-03-22,,
2006,57,2006-03-22,,
2006,58,2006-03-22,,
2006,59,2006-03-22,,
2006,60,2006-03-22,,
2006,61,2006-03-22,,
2006,62,2006-03-22,,
2006,63,2006-03-22,,
2006,64,2006-03-22,,
2006,65,2006-03-22,,
2006,66,2006-03-22,,
2006,67,2006-03-22,,
2006,68,2006-03-22,,
2006,69,2006-03-22,,
2006,70,2006-03-22,,
2006,71,2006-03-22,,
2006,72,2006-03-22,,
2006,73,2006-03-22,2006-10-25,
2005,122,2005-12-02,2006-06-10,
2005,123,2005-12-02,2006-06-15,
2005,124,2005-12-02,2006-06-15,
2005,125,2005-12-02,2006-06-15,
2005,126,2005-12-02,2006-05-30,
2005,127,2005-12-02,,
2005,128,2005-12-02,,
2005,129,2005-12-02,2006-06-13,
2005,130,2005-12-02,2006-03-20,
2005,131,2005-12-02,2006-05-05,
2005,132,2005-12-02,2006-05-22,
2005,133,2005-12-02,2006-07-19,
2005,134,2005-12-02,2006-06-13,
2005,135,2005-12-02,2006-06-24,
2005,136,2005-12-02,2006-06-13,
2005,137,2005-12-02,2006-06-14,
2005,138,2005-12-02,2006-06-14,
2005,139,2005-12-02,2006-05-22,
2005,140,2005-12-02,2005-12-30,
2005,141,2005-12-02,2006-03-28,
2005,142,2005-12-02,2006-07-19,
2005,143,2005-12-02,2006-05-12,H85J05000000007
2005,144,2005-12-02,2006-05-12,D59E04000040004
2005,145,2005-12-02,2006-08-05,
2005,146,2005-12-02,2006-08-24,
2005,147,2005-12-02,2006-03-28,
2005,148,2005-12-02,2006-07-19,
2005,149,2005-12-02,2006-10-23,
2005,150,2005-12-02,2006-05-31,
2005,151,2005-12-02,2006-08-24,
2005,152,2005-12-02,2006-08-07,G57H04000050001
2005,153,2005-12-02,2006-07-17,D57H04000080001
2005,154,2005-12-02,2006-07-18,J94E04000010001
2005,155,2005-12-02,2006-08-24,
2005,156,2005-12-02,2006-08-24,F11B04000480003
2005,157,2005-12-02,2006-05-22,
2005,158,2005-12-02,2006-04-22,
2005,159,2005-12-02,2006-03-09,
2005,160,2005-12-02,2006-07-18,
2005,161,2005-12-02,2006-08-10,
2005,162,2005-12-02,2006-08-16,
2005,163,2005-12-02,2006-08-11,
2005,164,2005-12-02,2006-05-19,
2005,165,2005-12-02,2006-07-11,
2005,166,2005-12-02,,
2005,167,2005-12-02,2006-08-11,
2005,168,2005-12-02,,
2005,169,2005-12-02,2006-08-08,
2005,170,2005-12-02,2006-05-19,
2005,171,2005-12-02,2006-04-22,
2005,121,2005-09-29,,
2005,118,2005-08-03,2006-01-11,
2005,119,2005-08-03,2006-03-23,
2005,120,2005-08-03,,
2005,80,2005-07-29,2006-05-10,
2005,81,2005-07-29,2006-01-24,
2005,82,2005-07-29,,
2005,83,2005-07-29,2005-12-05,
2005,84,2005-07-29,2006-05-10,
2005,85,2005-07-29,2006-02-11,
2005,86,2005-07-29,2005-11-04,
2005,87,2005-07-29,2006-01-25,
2005,88,2005-07-29,,
2005,89,2005-07-29,2006-04-11,
2005,90,2005-07-29,2006-03-09,
2005,91,2005-07-29,2006-03-10,
2005,92,2005-07-29,,
2005,93,2005-07-29,2005-11-11,
2005,94,2005-07-29,,
2005,95,2005-07-29,2006-03-23,
2005,96,2005-07-29,2006-03-09,
2005,97,2005-07-29,2005-11-12,
2005,98,2005-07-29,2005-10-20,
2005,99,2005-07-29,2006-06-24,
2005,100,2005-07-29,2006-02-10,
2005,101,2005-07-29,2005-09-29,
2005,102,2005-07-29,2006-02-10,
2005,103,2005-07-29,2006-02-10,
2005,104,2005-07-29,2005-12-06,
2005,105,2005-07-29,2005-12-06,
2005,106,2005-07-29,2006-05-05,
2005,107,2005-07-29,2006-01-25,
2005,108,2005-07-29,2006-04-22,
2005,109,2005-07-29,2006-04-22,
2005,110,2005-07-29,2006-05-10,
2005,111,2005-07-29,2005-12-30,
2005,112,2005-07-29,2005-12-06,
2005,113,2005-07-29,2006-01-26,
2005,114,2005-07-29,2006-01-26,
2005,115,2005-07-29,2006-01-26,
2005,116,2005-07-29,,
2005,117,2005-07-29,,
2005,75,2005-07-15,,
2005,76,2005-07-15,2005-10-21,
2005,77,2005-07-15,2005-10-21,
2005,78,2005-07-15,,
2005,79,2005-07-15,,
2005,33,2005-05-27,2005-12-30,
2005,34,2005-05-27,2005-10-08,
2005,35,2005-05-27,2005-10-11,
2005,36,2005-05-27,2006-05-09,
2005,37,2005-05-27,2006-05-09,
2005,38,2005-05-27,2006-08-17,
2005,39,2005-05-27,2005-11-12,
2005,40,2005-05-27,2006-05-09,
2005,41,2005-05-27,2006-06-10,
2005,42,2005-05-27,2005-11-28,
2005,43,2005-05-27,2005-11-09,
2005,44,2005-05-27,2006-02-06,
2005,45,2005-05-27,2005-12-30,
2005,46,2005-05-27,2005-12-30,
2005,47,2005-05-27,2005-11-09,
2005,48,2005-05-27,2005-11-09,
2005,49,2005-05-27,2005-11-09,
2005,50,2005-05-27,2005-11-09,
2005,51,2005-05-27,2005-09-03,
2005,52,2005-05-27,2005-11-21,
2005,53,2005-05-27,2005-11-04,
2005,54,2005-05-27,2005-10-27,
2005,55,2005-05-27,2005-09-06,
2005,56,2005-05-27,2005-12-30,
2005,57,2005-05-27,2005-09-03,
2005,58,2005-05-27,2005-09-01,
2005,59,2005-05-27,2005-09-01,
2005,60,2005-05-27,,
2005,61,2005-05-27,2006-01-31,
2005,62,2005-05-27,2005-11-21,
2005,63,2005-05-27,2005-11-22,
2005,64,2005-05-27,2006-01-23,
2005,65,2005-05-27,2006-01-31,
2005,66,2005-05-27,,
2005,67,2005-05-27,2005-11-22,E71D03000000001
2005,68,2005-05-27,2006-01-10,
2005,69,2005-05-27,2005-11-28,
2005,70,2005-05-27,2006-01-23,
2005,71,2005-05-27,2005-11-22,
2005,72,2005-05-27,2005-10-19,
2005,73,2005-05-27,2006-01-10,
2005,74,2005-05-27,2006-01-18,
2005,1,2005-03-18,2005-06-30,
2005,2,2005-03-18,2005-07-18,
2005,3,2005-03-18,2005-09-06,
2005,4,2005-03-18,2005-07-18,
2005,5,2005-03-18,2005-08-11,
2005,6,2005-03-18,2005-06-11,
2005,7,2005-03-18,2005-09-01,
2005,8,2005-03-18,2005-09-01,
2005,9,2005-03-18,2005-11-09,
2005,10,2005-03-18,2005-11-22,
2005,11,2005-03-18,2005-07-20,
2005,12,2005-03-18,2005-08-30,
2005,13,2005-03-18,2005-09-06,
2005,14,2005-03-18,2005-09-01,
2005,15,2005-03-18,2005-08-30,
2005,16,2005-03-18,,
2005,17,2005-03-18,2005-09-20,
2005,18,2005-03-18,2005-12-02,
2005,19,2005-03-18,2005-09-27,
2005,20,2005-03-18,2005-09-28,
2005,21,2005-03-18,2005-11-04,
2005,22,2005-03-18,2005-12-05,
2005,23,2005-03-18,2005-11-28,
2005,24,2005-03-18,2005-12-21,
2005,25,2005-03-18,2005-11-28,
2005,26,2005-03-18,2005-11-28,
2005,27,2005-03-18,2005-11-28,
2005,28,2005-03-18,2005-11-28,
2005,29,2005-03-18,2005-12-30,
2005,30,2005-03-18,2005-12-30,
2005,31,2005-03-18,2005-12-30,
2005,32,2005-03-18,2005-12-30,
2004,57,2004-12-20,2005-04-13,
2004,58,2004-12-20,2005-05-17,
2004,59,2004-12-20,2005-05-17,
2004,60,2004-12-20,2005-05-18,
2004,61,2004-12-20,2005-05-18,
2004,62,2004-12-20,2005-05-19,
2004,63,2004-12-20,2005-05-19,
2004,64,2004-12-20,2005-05-30,
2004,65,2004-12-20,2005-04-13,
2004,66,2004-12-20,2005-04-13,
2004,67,2004-12-20,2005-05-20,
2004,68,2004-12-20,2005-04-13,
2004,69,2004-12-20,2005-04-13,
2004,70,2004-12-20,2005-04-13,
2004,71,2004-12-20,,
2004,72,2004-12-20,2005-04-21,
2004,73,2004-12-20,2005-06-22,
2004,74,2004-12-20,2005-04-15,
2004,75,2004-12-20,2005-04-21,
2004,76,2004-12-20,2005-03-12,
2004,77,2004-12-20,2005-04-15,
2004,78,2004-12-20,2005-04-22,
2004,79,2004-12-20,2005-03-29,
2004,80,2004-12-20,2005-05-11,
2004,81,2004-12-20,2005-04-22,
2004,82,2004-12-20,2005-05-11,
2004,83,2004-12-20,2005-04-14,
2004,84,2004-12-20,2005-04-14,
2004,85,2004-12-20,2005-05-10,
2004,86,2004-12-20,2005-05-12,
2004,87,2004-12-20,2005-07-19,
2004,88,2004-12-20,2005-05-20,E25F03000010001
2004,89,2004-12-20,2005-07-20,
2004,90,2004-12-20,2005-05-21,
2004,91,2004-12-20,2005-07-09,
2004,92,2004-12-20,2005-05-18,F32C04000070002
2004,93,2004-12-20,2005-05-25,
2004,94,2004-12-20,2005-05-19,G61B04000060008
2004,95,2004-12-20,2005-06-27,F31B05000070001
2004,96,2004-12-20,2005-06-27,B74E01000030001
2004,97,2004-12-20,2005-06-28,
2004,98,2004-12-20,2005-07-19,F32C04000080001
2004,99,2004-12-20,2005-06-28,C21B03000060001
2004,100,2004-12-20,2005-06-28,
2004,101,2004-12-20,2005-07-18,
2004,102,2004-12-20,2005-08-11,
2004,103,2004-12-20,2005-12-05,
2004,104,2004-12-20,2005-07-18,
2004,105,2004-12-20,2005-06-29,
2004,106,2004-12-20,2005-07-19,F91BO4000260001
2004,107,2004-12-20,2005-09-06,
2004,108,2004-12-20,2005-07-19,
2004,109,2004-12-20,2005-09-20,
2004,110,2004-12-20,2005-08-11,G84E04000020001
2004,111,2004-12-20,2005-12-06,
2004,112,2004-12-20,2005-08-11,
2004,113,2004-12-20,2005-09-03,G87H04000030001
2004,114,2004-12-20,2005-09-21,J15F04000050004
2004,115,2004-12-20,,G59J04000020001
2004,19,2004-09-29,2004-10-28,
2004,20,2004-09-29,2004-11-11,
2004,21,2004-09-29,2004-11-23,
2004,22,2004-09-29,,
2004,23,2004-09-29,,
2004,24,2004-09-29,2004-11-24,
2004,25,2004-09-29,2004-11-24,
2004,26,2004-09-29,2004-11-10,
2004,27,2004-09-29,2004-11-26,
2004,28,2004-09-29,2004-11-26,
2004,29,2004-09-29,2004-12-09,
2004,30,2004-09-29,2004-11-27,
2004,31,2004-09-29,2004-12-10,
2004,32,2004-09-29,2004-12-10,
2004,33,2004-09-29,2005-03-14,
2004,34,2004-09-29,2005-03-14,
2004,35,2004-09-29,2005-03-16,
2004,36,2004-09-29,2005-03-29,
2004,37,2004-09-29,2004-12-10,
2004,38,2004-09-29,2004-12-29,
2004,39,2004-09-29,2005-06-22,
2004,40,2004-09-29,2005-01-27,D51B02000050001
2004,41,2004-09-29,2005-02-11,E31J03000000001
2004,42,2004-09-29,2005-02-08,H37B04000000004
2004,43,2004-09-29,2005-03-08,
2004,44,2004-09-29,2005-02-07,
2004,45,2004-09-29,2005-02-08,
2004,46,2004-09-29,2005-01-28,J71H92000030008
2004,47,2004-09-29,2005-03-09,C47H04000030001
2004,48,2004-09-29,2005-03-10,
2004,49,2004-09-29,2005-03-11,J94E04000010001
2004,50,2004-09-29,2005-07-01,F31B01000210008
2004,51,2004-09-29,2005-02-07,
2004,52,2004-09-29,2005-04-13,G87H04000020001
2004,53,2004-09-29,2005-05-09,G99J04000010001
2004,54,2004-09-29,2005-03-30,G87H02000020001
2004,55,2004-09-29,2005-05-10,
2004,56,2004-09-29,2005-04-20,B61E04000030001
2004,16,2004-07-29,,
2004,11,2004-05-27,2004-09-30,
2004,12,2004-05-27,2005-01-25,
2004,13,2004-05-27,2005-05-19,F12C03000050020
2004,14,2004-05-27,2004-12-29,F41B04000090001
2004,15,2004-05-27,2004-12-29,
2004,17,2004-05-27,2004-12-29,
2004,10,2004-05-07,2004-07-15,
2004,9,2004-04-29,2004-07-16,D37B04000020004
2004,7,2004-03-05,2004-04-16,
2004,6,2004-02-03,2004-05-26,
2004,1,2004-01-29,2004-04-27,
2004,2,2004-01-29,2004-05-19,
2004,3,2004-01-29,2004-05-15,
2004,4,2004-01-29,2004-05-17,
2004,5,2004-01-29,2004-05-17,
2004,8,2004-01-29,2004-06-14,
2003,123,2003-12-23,2004-04-27,
2003,129,2003-12-23,2004-04-27,
2003,130,2003-12-23,2004-05-25,
2003,121,2003-12-19,2004-05-05,
2003,122,2003-12-19,2004-05-15,
2003,124,2003-12-19,2004-05-05,
2003,125,2003-12-19,2004-05-05,
2003,126,2003-12-19,2004-03-19,
2003,127,2003-12-19,2004-03-19,
2003,128,2003-12-19,2004-04-27,
2003,131,2003-12-19,2004-05-06,
2003,132,2003-12-19,2004-06-16,
2003,133,2003-12-19,2004-03-19,
2003,134,2003-12-19,2004-05-05,
2003,111,2003-12-05,2004-06-07,
2003,112,2003-12-05,2004-05-15,
2003,113,2003-12-05,2004-04-27,
2003,114,2003-12-05,2004-03-30,
2003,115,2003-12-05,2004-04-21,
2003,116,2003-12-05,2004-03-19,
2003,117,2003-12-05,2004-03-19,
2003,118,2003-12-05,2004-03-19,
2003,119,2003-12-05,2004-02-27,
2003,120,2003-12-05,2004-06-08,
2003,81,2003-11-13,2004-01-21,
2003,82,2003-11-13,2003-12-24,
2003,83,2003-11-13,2004-02-27,
2003,84,2003-11-13,2004-02-16,
2003,85,2003-11-13,2004-02-16,
2003,86,2003-11-13,2004-02-16,
2003,87,2003-11-13,2004-02-18,
2003,88,2003-11-13,2004-03-19,
2003,89,2003-11-13,2004-04-07,
2003,90,2003-11-13,2004-04-07,
2003,91,2003-11-13,2004-04-06,
2003,92,2003-11-13,2004-04-06,
2003,93,2003-11-13,2004-04-06,
2003,94,2003-11-13,2004-04-07,
2003,95,2003-11-13,2004-03-30,
2003,96,2003-11-13,2004-04-06,
2003,97,2003-11-13,2004-04-21,
2003,98,2003-11-13,2004-03-19,
2003,99,2003-11-13,2004-03-19,
2003,100,2003-11-13,2004-05-04,
2003,101,2003-11-13,2004-03-30,
2003,102,2003-11-13,2004-04-21,
2003,103,2003-11-13,,
2003,104,2003-11-13,2004-05-15,
2003,105,2003-11-13,2004-05-15,
2003,106,2003-11-13,2004-05-15,
2003,107,2003-11-13,2004-06-16,
2003,80,2003-11-07,2004-03-01,
2003,69,2003-09-29,,
2003,70,2003-09-29,2003-12-03,
2003,71,2003-09-29,,
2003,72,2003-09-29,2003-12-04,
2003,73,2003-09-29,2003-12-02,
2003,74,2003-09-29,2003-12-16,
2003,75,2003-09-29,2003-12-17,
2003,76,2003-09-29,,
2003,77,2003-09-29,2004-02-16,
2003,78,2003-09-29,2004-01-21,
2003,79,2003-09-29,2004-02-17,
2003,65,2003-08-01,2003-11-06,
2003,66,2003-08-01,2003-11-05,
2003,67,2003-08-01,2003-11-06,
2003,68,2003-08-01,2003-11-24,
2003,23,2003-07-25,2003-08-11,
2003,24,2003-07-25,2003-09-29,
2003,25,2003-07-25,,
2003,26,2003-07-25,2003-09-16,
2003,27,2003-07-25,2003-10-07,
2003,28,2003-07-25,2003-11-07,
2003,29,2003-07-25,,
2003,30,2003-07-25,2003-12-03,
2003,31,2003-07-25,2003-11-24,
2003,32,2003-07-25,2003-11-07,
2003,33,2003-07-25,2003-11-07,
2003,34,2003-07-25,2003-11-10,
2003,35,2003-07-25,2003-11-29,
2003,36,2003-07-25,2003-10-22,
2003,37,2003-07-25,2003-10-22,
2003,38,2003-07-25,2003-11-08,
2003,39,2003-07-25,2003-11-08,
2003,40,2003-07-25,2003-11-08,
2003,41,2003-07-25,2003-11-08,
2003,42,2003-07-25,2003-11-08,
2003,43,2003-07-25,2003-11-07,
2003,44,2003-07-25,2003-11-06,
2003,45,2003-07-25,2003-11-06,
2003,46,2003-07-25,2003-10-22,
2003,47,2003-07-25,2003-11-10,
2003,48,2003-07-25,2003-11-13,
2003,49,2003-07-25,2003-11-13,
2003,50,2003-07-25,2004-02-16,
2003,51,2003-07-25,2003-11-19,
2003,52,2003-07-25,2003-11-19,
2003,53,2003-07-25,2003-11-19,
2003,54,2003-07-25,2003-11-19,
2003,55,2003-07-25,2003-11-19,
2003,56,2003-07-25,2004-02-16,
2003,57,2003-07-25,2003-11-13,
2003,58,2003-07-25,2003-12-12,
2003,59,2003-07-25,2003-11-14,
2003,60,2003-07-25,2003-11-15,
2003,61,2003-07-25,2003-11-15,
2003,62,2003-07-25,2003-12-19,
2003,63,2003-07-25,2003-10-24,
2003,22,2003-06-27,2003-11-12,
2003,16,2003-05-09,2003-07-08,
2003,17,2003-05-09,2003-07-07,
2003,18,2003-05-09,2003-06-27,
2003,19,2003-05-09,2003-07-23,
2003,20,2003-05-09,2003-09-29,
2003,21,2003-05-09,2003-09-12,
2003,7,2003-03-14,2003-06-07,
2003,8,2003-03-14,2003-05-22,
2003,9,2003-03-14,,
2003,10,2003-03-14,2003-07-14,
2003,11,2003-03-14,2003-07-14,
2003,12,2003-03-14,2003-07-07,
2003,13,2003-03-14,2003-07-07,
2003,14,2003-03-14,2003-08-16,
2003,15,2003-03-14,2003-09-16,
2003,1,2003-01-31,2003-04-23,
2003,2,2003-01-31,2003-05-07,
2003,3,2003-01-31,2003-05-14,
2003,4,2003-01-31,2003-05-22,
2003,5,2003-01-31,2003-05-22,
2003,6,2003-01-31,2003-05-21,
2002,141,2002-12-27,2003-05-28,
2002,142,2002-12-27,2003-02-19,
2002,143,2002-12-27,2003-04-14,
2002,144,2002-12-27,2003-04-14,
2002,116,2002-12-19,2003-05-07,
2002,117,2002-12-19,2003-03-12,
2002,118,2002-12-19,2003-03-13,
2002,119,2002-12-19,2003-03-14,
2002,120,2002-12-19,2003-03-15,
2002,121,2002-12-19,2003-03-21,
2002,122,2002-12-19,2003-04-01,
2002,123,2002-12-19,2003-03-22,
2002,124,2002-12-19,2003-03-22,
2002,125,2002-12-19,2003-04-02,
2002,126,2002-12-19,2003-04-02,
2002,127,2002-12-19,2003-04-03,
2002,128,2002-12-19,,
2002,129,2002-12-19,,
2002,130,2002-12-19,2003-05-06,
2002,131,2002-12-19,2003-04-04,
2002,132,2002-12-19,2003-04-26,
2002,133,2002-12-19,2003-04-23,
2002,134,2002-12-19,2003-05-06,
2002,135,2002-12-19,2003-05-14,
2002,136,2002-12-19,2003-05-28,
2002,137,2002-12-19,2003-05-28,
2002,138,2002-12-19,2003-07-23,
2002,139,2002-12-19,2003-06-05,
2002,140,2002-12-19,2003-06-05,
2002,98,2002-11-29,2003-01-20,
2002,99,2002-11-29,2003-01-23,
2002,100,2002-11-29,2003-01-20,
2002,101,2002-11-29,2003-04-11,
2002,102,2002-11-29,2003-04-12,
2002,103,2002-11-29,2003-03-20,
2002,104,2002-11-29,2003-04-12,
2002,105,2002-11-29,2003-02-28,
2002,106,2002-11-29,2003-02-28,
2002,107,2002-11-29,2003-03-10,
2002,108,2002-11-29,2003-02-14,
2002,109,2002-11-29,2003-03-11,
2002,110,2002-11-29,2003-04-14,
2002,111,2002-11-29,2003-04-14,
2002,112,2002-11-29,2003-03-20,
2002,113,2002-11-29,2003-03-21,
2002,114,2002-11-29,2003-02-07,
2002,115,2002-11-29,2003-05-07,
2002,55,2002-10-31,,
2002,90,2002-10-31,2003-01-22,
2002,91,2002-10-31,2003-02-19,
2002,92,2002-10-31,2003-02-05,
2002,93,2002-10-31,2003-02-06,
2002,94,2002-10-31,2003-02-13,
2002,95,2002-10-31,2003-03-04,
2002,96,2002-10-31,2003-02-06,
2002,97,2002-10-31,2003-05-06,
2002,86,2002-10-24,2002-12-24,
2002,87,2002-10-24,2003-03-05,
2002,88,2002-10-24,2003-04-26,
2002,89,2002-10-24,2003-04-11,
2002,79,2002-09-29,2002-10-17,
2002,80,2002-09-29,2002-11-29,
2002,81,2002-09-29,2002-11-29,
2002,82,2002-09-29,2002-11-29,
2002,83,2002-09-29,2002-11-07,
2002,84,2002-09-29,2002-11-29,
2002,85,2002-09-29,,
2002,77,2002-08-04,2002-12-24,
2002,76,2002-08-03,2003-01-07,
2002,56,2002-08-02,2002-11-27,
2002,57,2002-08-02,2002-10-30,
2002,58,2002-08-02,2002-11-27,
2002,59,2002-08-02,2002-10-17,
2002,60,2002-08-02,2002-11-27,
2002,61,2002-08-02,2002-10-15,
2002,62,2002-08-02,2002-11-07,
2002,63,2002-08-02,2002-11-28,
2002,64,2002-08-02,2002-10-15,
2002,65,2002-08-02,2002-10-16,
2002,66,2002-08-02,,
2002,67,2002-08-02,2002-11-28,
2002,68,2002-08-02,2002-10-16,
2002,69,2002-08-02,2002-10-17,
2002,70,2002-08-02,2002-10-17,
2002,71,2002-08-02,2002-11-28,
2002,72,2002-08-02,2002-11-28,
2002,73,2002-08-02,2002-10-16,
2002,74,2002-08-02,2002-12-07,
2002,75,2002-08-02,2002-12-23,
2002,40,2002-06-14,2002-08-26,
2002,41,2002-06-14,2002-08-26,
2002,42,2002-06-14,2002-09-21,
2002,43,2002-06-14,2002-09-21,
2002,44,2002-06-14,2002-10-02,
2002,45,2002-06-14,2002-10-02,
2002,46,2002-06-14,2002-10-11,
2002,47,2002-06-14,2002-09-20,
2002,48,2002-06-14,2002-10-23,
2002,50,2002-06-14,2002-12-06,
2002,51,2002-06-14,2003-01-03,
2002,52,2002-06-14,2002-12-24,
2002,53,2002-06-14,2003-02-05,
2002,54,2002-06-14,2003-02-13,
2002,38,2002-06-06,2002-08-08,
2002,39,2002-06-06,2002-09-21,
2002,36,2002-05-03,2002-07-18,
2002,37,2002-05-03,2002-08-26,
2002,35,2002-04-19,2002-10-22,
2002,9,2002-03-28,2002-08-26,
2002,10,2002-03-28,2002-05-17,
2002,11,2002-03-28,2002-05-28,
2002,12,2002-03-28,,
2002,13,2002-03-28,,
2002,14,2002-03-28,2002-06-26,
2002,15,2002-03-28,,
2002,16,2002-03-28,2002-07-18,
2002,17,2002-03-28,2002-08-07,
2002,18,2002-03-28,,
2002,19,2002-03-28,2002-08-06,
2002,20,2002-03-28,2002-08-06,
2002,21,2002-03-28,2002-08-07,
2002,22,2002-03-28,2002-08-07,
2002,23,2002-03-28,2002-08-26,
2002,24,2002-03-28,2002-08-26,
2002,25,2002-03-28,2002-08-26,
2002,26,2002-03-28,2002-08-26,
2002,27,2002-03-28,2002-08-26,
2002,28,2002-03-28,2002-08-26,
2002,29,2002-03-28,2002-08-26,
2002,30,2002-03-28,2002-10-22,
2002,31,2002-03-28,2002-10-24,
2002,32,2002-03-28,2002-11-08,
2002,33,2002-03-28,2002-12-05,
2002,1,2002-02-14,2002-05-17,
2002,2,2002-02-14,2002-04-30,
2002,3,2002-02-14,,
2002,4,2002-02-14,2002-08-26,
2002,5,2002-02-14,2002-05-21,
2002,6,2002-02-14,2002-05-17,
2002,7,2002-02-14,2002-05-29,
2002,8,2002-02-14,2002-06-26,
2001,114,2001-12-21,2002-02-19,
2001,115,2001-12-21,2002-03-21,
2001,116,2001-12-21,2002-03-21,
2001,117,2001-12-21,2002-03-20,
2001,118,2001-12-21,2002-03-20,
2001,119,2001-12-21,2002-03-20,
2001,120,2001-12-21,2002-04-12,
2001,121,2001-12-21,2002-03-21,
2001,122,2001-12-21,2002-04-13,
2001,123,2001-12-21,2002-04-15,
2001,124,2001-12-21,2002-05-16,
2001,125,2001-12-21,2002-04-12,
2001,126,2001-12-21,2002-05-16,
2001,112,2001-11-17,2002-03-21,
2001,111,2001-11-16,2002-03-21,
2001,88,2001-11-15,2001-11-29,
2001,89,2001-11-15,2002-02-12,
2001,90,2001-11-15,2002-02-05,
2001,91,2001-11-15,2001-12-11,
2001,92,2001-11-15,2002-01-04,
2001,93,2001-11-15,2002-02-05,
2001,94,2001-11-15,2002-02-05,
2001,95,2001-11-15,2002-02-06,
2001,96,2001-11-15,2002-02-06,
2001,97,2001-11-15,2002-01-04,
2001,98,2001-11-15,2002-02-06,
2001,99,2001-11-15,2002-02-12,
2001,100,2001-11-15,2002-02-18,
2001,101,2001-11-15,2002-02-18,
2001,102,2001-11-15,2002-02-12,
2001,103,2001-11-15,2002-01-25,
2001,104,2001-11-15,2002-03-04,
2001,105,2001-11-15,2002-02-19,
2001,106,2001-11-15,2002-02-14,
2001,107,2001-11-15,2002-02-14,
2001,108,2001-11-15,2002-02-13,
2001,109,2001-11-15,2002-02-13,
2001,110,2001-11-15,2002-02-12,
2001,113,2001-11-15,2002-04-15,
2001,87,2001-09-27,2001-11-12,
2001,57,2001-05-03,2001-07-13,
2001,58,2001-05-03,2001-06-20,
2001,59,2001-05-03,2001-07-05,
2001,60,2001-05-03,2001-07-10,
2001,61,2001-05-03,2001-07-10,
2001,62,2001-05-03,2001-07-10,
2001,63,2001-05-03,2001-07-10,
2001,64,2001-05-03,2001-08-10,
2001,65,2001-05-03,2001-08-10,
2001,66,2001-05-03,2001-06-20,
2001,67,2001-05-03,2001-08-08,
2001,68,2001-05-03,2001-08-08,
2001,69,2001-05-03,2001-08-08,
2001,70,2001-05-03,2001-08-09,
2001,71,2001-05-03,2001-08-10,
2001,72,2001-05-03,2001-08-22,
2001,73,2001-05-03,2001-08-11,
2001,74,2001-05-03,2001-08-11,
2001,75,2001-05-03,2001-08-07,
2001,76,2001-05-03,2001-08-07,
2001,77,2001-05-03,2001-08-07,
2001,78,2001-05-03,2001-08-07,
2001,79,2001-05-03,2001-08-07,
2001,80,2001-05-03,2001-08-08,
2001,81,2001-05-03,2001-08-11,
2001,82,2001-05-03,2001-08-21,
2001,83,2001-05-03,2001-08-11,
2001,84,2001-05-03,2001-08-22,
2001,85,2001-05-03,2001-08-22,
2001,86,2001-05-03,2001-08-22,
2001,42,2001-04-04,2001-08-07,
2001,43,2001-04-04,2001-06-20,
2001,44,2001-04-04,2001-05-04,
2001,45,2001-04-04,2001-06-25,
2001,46,2001-04-04,2001-06-25,
2001,47,2001-04-04,2001-06-22,
2001,48,2001-04-04,2001-06-21,
2001,49,2001-04-04,2001-06-20,
2001,50,2001-04-04,2001-06-25,
2001,51,2001-04-04,2001-07-05,
2001,52,2001-04-04,2001-07-18,
2001,53,2001-04-04,2001-08-08,
2001,54,2001-04-04,2001-08-10,
2001,55,2001-04-04,2001-08-21,
2001,56,2001-04-04,2001-08-21,
2001,23,2001-03-08,2001-03-26,
2001,24,2001-03-08,,
2001,25,2001-03-08,2001-04-24,
2001,26,2001-03-08,2001-05-18,
2001,27,2001-03-08,2001-05-18,
2001,28,2001-03-08,2001-05-18,
2001,29,2001-03-08,2001-06-22,
2001,30,2001-03-08,2001-06-21,
2001,31,2001-03-08,2001-06-18,
2001,32,2001-03-08,2001-06-05,
2001,33,2001-03-08,2001-06-06,
2001,34,2001-03-08,2001-06-20,
2001,35,2001-03-08,2001-07-05,
2001,36,2001-03-08,2001-07-30,
2001,37,2001-03-08,2001-07-05,
2001,38,2001-03-08,2001-08-06,
2001,39,2001-03-08,2001-08-01,
2001,40,2001-03-08,2001-07-10,
2001,41,2001-03-08,2001-07-20,
2001,1,2001-02-01,2001-03-06,
2001,2,2001-02-01,,
2001,3,2001-02-01,2001-03-28,
2001,4,2001-02-01,2001-03-29,
2001,5,2001-02-01,2001-03-29,
2001,6,2001-02-01,2001-04-09,
2001,7,2001-02-01,2001-03-29,
2001,8,2001-02-01,2001-03-29,
2001,9,2001-02-01,2001-05-04,
2001,10,2001-02-01,2001-04-30,
2001,11,2001-02-01,2001-04-28,
2001,12,2001-02-01,2001-05-02,
2001,13,2001-02-01,2001-05-03,
2001,14,2001-02-01,2001-04-30,
2001,15,2001-02-01,2001-05-05,
2001,16,2001-02-01,2001-04-30,
2001,17,2001-02-01,2001-05-18,
2001,18,2001-02-01,2001-05-18,
2001,19,2001-02-01,2001-05-21,
2001,20,2001-02-01,2001-06-01,
2001,21,2001-02-01,2001-06-04,
2001,22,2001-02-01,2001-06-20,
2000,127,2000-12-21,2001-03-14,
2000,128,2000-12-21,,
2000,129,2000-12-21,2001-02-22,
2000,130,2000-12-21,2001-02-09,
2000,131,2000-12-21,2001-02-22,
2000,132,2000-12-21,2001-02-22,
2000,133,2000-12-21,2001-03-14,
2000,134,2000-12-21,2001-03-15,
2000,135,2000-12-21,2001-03-15,
2000,136,2000-12-21,2001-03-15,
2000,137,2000-12-21,2001-02-23,
2000,138,2000-12-21,2001-02-10,
2000,139,2000-12-21,2001-03-15,
2000,140,2000-12-21,2001-02-23,
2000,141,2000-12-21,2001-02-23,
2000,142,2000-12-21,2001-02-23,
2000,143,2000-12-21,2001-03-17,
2000,144,2000-12-21,2001-03-17,
2000,145,2000-12-21,2001-03-15,
2000,146,2000-12-21,2001-03-28,
2000,147,2000-12-21,2001-03-29,
2000,148,2000-12-21,2001-03-27,
2000,149,2000-12-21,2001-03-27,
2000,150,2000-12-21,2001-03-26,
2000,151,2000-12-21,2001-04-04,
2000,152,2000-12-21,2001-04-05,
2000,153,2000-12-21,2001-03-27,
2000,154,2000-12-21,2001-04-04,
2000,155,2000-12-21,2001-03-15,
2000,156,2000-12-21,2001-05-04,
2000,109,2000-11-02,2001-01-13,
2000,110,2000-11-02,2000-12-14,
2000,111,2000-11-02,2000-12-01,
2000,112,2000-11-02,2000-12-20,
2000,113,2000-11-02,2000-12-01,
2000,114,2000-11-02,2001-01-11,
2000,115,2000-11-02,2000-12-07,
2000,116,2000-11-02,2001-01-11,
2000,117,2000-11-02,2001-01-13,
2000,118,2000-11-02,2001-01-13,
2000,119,2000-11-02,2001-01-31,
2000,120,2000-11-02,2001-01-22,
2000,121,2000-11-02,,
2000,122,2000-11-02,2001-01-31,
2000,123,2000-11-02,2001-02-02,
2000,124,2000-11-02,2001-02-02,
2000,125,2000-11-02,2001-03-02,
2000,126,2000-11-02,2001-03-02,
2000,107,2000-09-29,2000-11-17,
2000,108,2000-09-29,2000-11-16,
2000,71,2000-08-04,2000-10-18,
2000,72,2000-08-04,2000-10-18,
2000,73,2000-08-04,2000-10-19,
2000,74,2000-08-04,2000-10-19,
2000,75,2000-08-04,2000-11-02,
2000,76,2000-08-04,2000-10-18,
2000,77,2000-08-04,2000-10-18,
2000,78,2000-08-04,2000-10-24,
2000,79,2000-08-04,2000-10-24,
2000,80,2000-08-04,2000-10-25,
2000,81,2000-08-04,2000-10-25,
2000,82,2000-08-04,2000-10-03,
2000,83,2000-08-04,2000-10-24,
2000,84,2000-08-04,2000-11-16,
2000,85,2000-08-04,2000-10-26,
2000,86,2000-08-04,2000-09-26,
2000,87,2000-08-04,2000-11-16,
2000,88,2000-08-04,2000-10-26,
2000,89,2000-08-04,2000-10-26,
2000,90,2000-08-04,2000-10-26,
2000,91,2000-08-04,2000-10-31,
2000,92,2000-08-04,2000-10-31,
2000,93,2000-08-04,2000-11-02,
2000,94,2000-08-04,2000-11-03,
2000,95,2000-08-04,2000-11-04,
2000,96,2000-08-04,2000-11-16,
2000,97,2000-08-04,2000-11-16,
2000,98,2000-08-04,2000-11-16,
2000,99,2000-08-04,2000-11-16,
2000,100,2000-08-04,2000-12-07,
2000,101,2000-08-04,2001-01-11,
2000,102,2000-08-04,2001-01-11,
2000,103,2000-08-04,2001-01-11,
2000,104,2000-08-04,2001-01-11,
2000,105,2000-08-04,2001-01-22,
2000,106,2000-08-04,2001-02-13,
2000,55,2000-06-22,2000-07-18,
2000,56,2000-06-22,2000-08-19,
2000,57,2000-06-22,2000-08-19,
2000,58,2000-06-22,2000-08-18,
2000,59,2000-06-22,2000-08-18,
2000,60,2000-06-22,2000-08-17,
2000,61,2000-06-22,2000-08-17,
2000,62,2000-06-22,2000-08-18,
2000,63,2000-06-22,2000-08-10,
2000,64,2000-06-22,2000-09-28,
2000,65,2000-06-22,2000-09-04,
2000,66,2000-06-22,2000-08-30,
2000,67,2000-06-22,2000-08-19,
2000,68,2000-06-22,2000-08-21,
2000,69,2000-06-22,2000-08-22,
2000,70,2000-06-22,2000-10-02,
2000,36,2000-05-25,2000-07-12,
2000,37,2000-05-25,2000-07-12,
2000,38,2000-05-25,2000-07-12,
2000,39,2000-05-25,2000-07-12,
2000,40,2000-05-25,2000-07-12,
2000,41,2000-05-25,2000-07-12,
2000,42,2000-05-25,2000-07-12,
2000,43,2000-05-25,2000-07-12,
2000,44,2000-05-25,2000-07-14,
2000,45,2000-05-25,2000-07-14,
2000,46,2000-05-25,2000-07-14,
2000,47,2000-05-25,2000-07-14,
2000,48,2000-05-25,2000-07-26,
2000,49,2000-05-25,2000-07-25,
2000,50,2000-05-25,2000-07-25,
2000,51,2000-05-25,2000-07-25,
2000,52,2000-05-25,2000-07-25,
2000,53,2000-05-25,2000-07-25,
2000,54,2000-05-25,2000-07-25,
2000,30,2000-03-17,2000-05-06,
2000,31,2000-03-17,2000-05-31,
2000,32,2000-03-17,2000-06-05,
2000,33,2000-03-17,2000-06-05,
2000,34,2000-03-17,2000-06-05,
2000,35,2000-03-17,2000-06-05,
2000,29,2000-03-01,,
2000,1,2000-02-15,2000-04-20,
2000,2,2000-02-15,,
2000,3,2000-02-15,2000-05-04,
2000,4,2000-02-15,2000-04-20,
2000,5,2000-02-15,2000-04-20,
2000,6,2000-02-15,2000-04-20,
2000,7,2000-02-15,2000-04-20,
2000,8,2000-02-15,2000-04-20,
2000,9,2000-02-15,2000-04-18,
2000,10,2000-02-15,2000-04-18,
2000,11,2000-02-15,2000-05-06,
2000,12,2000-02-15,2000-04-18,
2000,13,2000-02-15,2000-04-17,
2000,14,2000-02-15,2000-04-26,
2000,15,2000-02-15,2000-04-17,
2000,16,2000-02-15,2000-05-06,
2000,17,2000-02-15,2000-05-19,
2000,18,2000-02-15,2000-05-06,
2000,19,2000-02-15,2000-05-03,
2000,20,2000-02-15,2000-05-06,
2000,21,2000-02-15,2000-05-06,
2000,22,2000-02-15,2000-05-19,
2000,23,2000-02-15,2000-05-06,
2000,24,2000-02-15,2000-05-06,
2000,25,2000-02-15,2000-05-06,
2000,26,2000-02-15,2000-05-18,
2000,27,2000-02-15,2000-05-17,
2000,28,2000-02-15,2000-05-16,
1999,197,1999-12-21,2000-02-17,
1999,198,1999-12-21,2000-02-17,
1999,199,1999-12-21,2000-01-19,
1999,200,1999-12-21,2000-02-17,
1999,201,1999-12-21,2000-02-18,
1999,202,1999-12-21,2000-02-18,
1999,203,1999-12-21,2000-02-18,
1999,204,1999-12-21,2000-02-18,
1999,205,1999-12-21,2000-03-04,
1999,206,1999-12-21,2000-02-18,
1999,207,1999-12-21,2000-02-18,
1999,208,1999-12-21,2000-02-18,
1999,209,1999-12-21,2000-02-18,
1999,210,1999-12-21,2000-02-18,
1999,211,1999-12-21,2000-03-04,
1999,212,1999-12-21,2000-03-03,
1999,213,1999-12-21,2000-03-07,
1999,214,1999-12-21,2000-02-18,
1999,215,1999-12-21,2000-02-18,
1999,216,1999-12-21,2000-03-11,
1999,217,1999-12-21,2000-03-11,
1999,218,1999-12-21,2000-03-02,
1999,219,1999-12-21,2000-02-18,
1999,220,1999-12-21,2000-02-18,
1999,221,1999-12-21,2000-03-09,
1999,222,1999-12-21,2000-02-18,
1999,223,1999-12-21,2000-03-11,
1999,224,1999-12-21,2000-03-11,
1999,225,1999-12-21,2000-03-20,
1999,226,1999-12-21,2000-03-08,
1999,227,1999-12-21,2000-03-18,
1999,228,1999-12-21,2000-03-01,
1999,229,1999-12-21,2000-02-15,
1999,195,1999-12-01,,
1999,196,1999-12-01,2000-02-18,
1999,173,1999-11-05,2000-01-12,
1999,174,1999-11-05,2000-01-19,
1999,175,1999-11-05,1999-12-10,
1999,176,1999-11-05,2000-01-12,
1999,177,1999-11-05,1999-11-25,
1999,178,1999-11-05,2000-01-12,
1999,179,1999-11-05,2000-01-19,
1999,180,1999-11-05,2000-01-22,
1999,181,1999-11-05,2000-01-22,
1999,182,1999-11-05,2000-02-02,
1999,183,1999-11-05,2000-01-22,
1999,184,1999-11-05,2000-01-22,
1999,185,1999-11-05,2000-02-02,
1999,186,1999-11-05,2000-01-22,
1999,187,1999-11-05,2000-01-22,
1999,188,1999-11-05,2000-02-02,
1999,189,1999-11-05,2000-02-02,
1999,190,1999-11-05,2000-02-02,
1999,191,1999-11-05,2000-02-02,
1999,192,1999-11-05,2000-01-22,
1999,193,1999-11-05,2000-01-14,
1999,194,1999-11-05,2000-02-02,
1999,165,1999-09-29,1999-11-30,
1999,166,1999-09-29,1999-12-10,
1999,167,1999-09-29,1999-12-04,
1999,168,1999-09-29,1999-12-03,
1999,169,1999-09-29,1999-12-03,
1999,170,1999-09-29,1999-12-02,
1999,171,1999-09-29,1999-12-01,
1999,172,1999-09-29,1999-12-28,
1999,126,1999-08-06,1999-10-27,
1999,127,1999-08-06,1999-10-27,
1999,128,1999-08-06,1999-10-13,
1999,129,1999-08-06,1999-10-27,
1999,130,1999-08-06,1999-10-28,
1999,131,1999-08-06,1999-10-28,
1999,132,1999-08-06,1999-10-29,
1999,133,1999-08-06,1999-10-27,
1999,134,1999-08-06,1999-10-27,
1999,135,1999-08-06,1999-10-14,
1999,136,1999-08-06,1999-10-28,
1999,137,1999-08-06,1999-10-28,
1999,138,1999-08-06,1999-10-12,
1999,139,1999-08-06,1999-10-28,
1999,140,1999-08-06,1999-10-18,
1999,141,1999-08-06,1999-11-02,
1999,142,1999-08-06,1999-11-12,
1999,143,1999-08-06,1999-10-27,
1999,144,1999-08-06,1999-10-27,
1999,145,1999-08-06,1999-11-08,
1999,146,1999-08-06,1999-11-05,
1999,147,1999-08-06,1999-11-05,
1999,148,1999-08-06,1999-11-05,
1999,149,1999-08-06,1999-12-07,
1999,150,1999-08-06,1999-11-05,
1999,151,1999-08-06,1999-11-05,
1999,152,1999-08-06,1999-11-06,
1999,153,1999-08-06,1999-11-06,
1999,154,1999-08-06,1999-11-06,
1999,155,1999-08-06,1999-11-06,
1999,156,1999-08-06,1999-11-08,
1999,157,1999-08-06,1999-11-08,
1999,158,1999-08-06,1999-11-08,
1999,159,1999-08-06,1999-11-02,
1999,160,1999-08-06,1999-11-08,
1999,161,1999-08-06,1999-11-11,
1999,162,1999-08-06,1999-11-11,
1999,163,1999-08-06,1999-11-11,
1999,164,1999-08-06,1999-11-08,
1999,99,1999-06-30,1999-09-16,
1999,100,1999-06-30,1999-09-15,
1999,101,1999-06-30,1999-08-24,
1999,102,1999-06-30,1999-08-23,
1999,103,1999-06-30,1999-08-24,
1999,104,1999-06-30,1999-11-25,
1999,105,1999-06-30,1999-10-12,
1999,106,1999-06-30,1999-10-21,
1999,107,1999-06-30,1999-10-27,
1999,108,1999-06-30,1999-10-18,
1999,109,1999-06-30,1999-10-18,
1999,110,1999-06-30,1999-10-16,
1999,111,1999-06-30,1999-10-28,
1999,112,1999-06-30,1999-10-28,
1999,113,1999-06-30,1999-10-15,
1999,114,1999-06-30,1999-10-14,
1999,115,1999-06-30,1999-10-08,
1999,116,1999-06-30,1999-10-28,
1999,117,1999-06-30,1999-10-27,
1999,118,1999-06-30,1999-10-13,
1999,119,1999-06-30,1999-10-27,
1999,120,1999-06-30,1999-10-27,
1999,121,1999-06-30,1999-10-27,
1999,122,1999-06-30,1999-10-27,
1999,123,1999-06-30,1999-10-13,
1999,124,1999-06-30,1999-10-11,
1999,125,1999-06-30,1999-10-13,
1999,73,1999-06-09,,
1999,75,1999-06-09,1999-09-14,
1999,76,1999-06-09,1999-09-15,
1999,77,1999-06-09,1999-08-05,
1999,78,1999-06-09,1999-08-06,
1999,79,1999-06-09,1999-10-12,
1999,80,1999-06-09,1999-10-12,
1999,81,1999-06-09,1999-07-14,
1999,82,1999-06-09,1999-07-28,
1999,83,1999-06-09,1999-10-12,
1999,85,1999-06-09,1999-08-23,
1999,86,1999-06-09,1999-07-28,
1999,87,1999-06-09,1999-08-05,
1999,88,1999-06-09,1999-08-23,
1999,89,1999-06-09,1999-11-25,
1999,90,1999-06-09,1999-07-28,
1999,91,1999-06-09,1999-07-28,
1999,92,1999-06-09,1999-08-10,
1999,93,1999-06-09,1999-08-10,
1999,94,1999-06-09,1999-07-28,
1999,95,1999-06-09,1999-10-28,
1999,96,1999-06-09,1999-10-28,
1999,97,1999-06-09,1999-10-28,
1999,98,1999-06-09,1999-10-28,
1999,71,1999-05-14,1999-07-12,
1999,72,1999-05-14,1999-07-09,
1999,36,1999-04-21,1999-07-09,
1999,37,1999-04-21,1999-07-28,
1999,38,1999-04-21,1999-07-09,
1999,39,1999-04-21,1999-07-28,
1999,40,1999-04-21,1999-07-28,
1999,41,1999-04-21,1999-07-09,
1999,42,1999-04-21,1999-07-28,
1999,43,1999-04-21,1999-07-28,
1999,44,1999-04-21,1999-06-22,
1999,45,1999-04-21,1999-07-28,
1999,46,1999-04-21,1999-07-13,
1999,47,1999-04-21,1999-07-13,
1999,48,1999-04-21,1999-06-22,
1999,49,1999-04-21,1999-07-13,
1999,50,1999-04-21,1999-08-02,
1999,51,1999-04-21,,
1999,52,1999-04-21,1999-07-16,
1999,53,1999-04-21,1999-08-02,
1999,54,1999-04-21,1999-08-11,
1999,55,1999-04-21,1999-07-30,
1999,56,1999-04-21,1999-07-14,
1999,57,1999-04-21,1999-09-07,
1999,58,1999-04-21,1999-09-14,
1999,59,1999-04-21,1999-09-07,
1999,60,1999-04-21,1999-08-23,
1999,61,1999-04-21,1999-09-07,
1999,62,1999-04-21,1999-07-14,
1999,63,1999-04-21,1999-08-23,
1999,64,1999-04-21,1999-08-23,
1999,65,1999-04-21,1999-07-14,
1999,66,1999-04-21,1999-07-30,
1999,67,1999-04-21,1999-07-13,
1999,68,1999-04-21,1999-07-13,
1999,69,1999-04-21,1999-07-28,
1999,70,1999-04-21,1999-06-23,
1999,8,1999-02-19,1999-04-26,
1999,9,1999-02-19,1999-04-16,
1999,10,1999-02-19,1999-04-03,
1999,11,1999-02-19,1999-04-03,
1999,12,1999-02-19,1999-05-18,
1999,13,1999-02-19,1999-05-03,
1999,14,1999-02-19,1999-05-10,
1999,15,1999-02-19,1999-05-03,
1999,16,1999-02-19,1999-05-10,
1999,17,1999-02-19,1999-05-10,
1999,18,1999-02-19,1999-05-18,
1999,19,1999-02-19,1999-05-18,
1999,20,1999-02-19,1999-05-18,
1999,21,1999-02-19,1999-05-18,
1999,22,1999-02-19,1999-05-10,
1999,23,1999-02-19,1999-05-18,
1999,24,1999-02-19,1999-05-10,
1999,25,1999-02-19,1999-05-10,
1999,26,1999-02-19,1999-05-18,
1999,27,1999-02-19,1999-05-17,
1999,28,1999-02-19,1999-05-17,
1999,29,1999-02-19,1999-05-17,
1999,30,1999-02-19,1999-05-17,
1999,31,1999-02-19,1999-06-02,
1999,32,1999-02-19,1999-05-18,
1999,33,1999-02-19,1999-05-29,
1999,34,1999-02-19,1999-05-18,
1999,35,1999-02-19,1999-05-18,
1999,1,1999-01-22,1999-02-17,
1999,2,1999-01-22,1999-04-01,
1999,3,1999-01-22,1999-04-01,
1999,4,1999-01-22,1999-02-26,
1999,5,1999-01-22,1999-04-01,
1999,6,1999-01-22,1999-03-13,
1999,7,1999-01-22,1999-04-14,
1998,139,1998-12-22,1999-02-03,
1998,140,1998-12-22,1998-12-29,
1998,141,1998-12-22,1999-02-03,
1998,142,1998-12-22,1999-03-11,
1998,143,1998-12-22,1999-03-11,
1998,144,1998-12-22,1999-03-11,
1998,145,1998-12-22,1999-03-12,
1998,146,1998-12-22,1999-03-13,
1998,147,1998-12-22,1999-03-12,
1998,148,1998-12-22,1999-03-12,
1998,149,1998-12-22,1999-03-12,
1998,150,1998-12-22,1999-04-01,
1998,151,1998-12-22,1999-04-01,
1998,152,1998-12-22,1999-04-01,
1998,153,1998-12-22,1999-04-01,
1998,154,1998-12-22,1999-02-17,
1998,155,1998-12-22,1999-04-14,
1998,137,1998-11-19,1999-02-10,
1998,138,1998-11-19,1999-02-17,
1998,103,1998-11-11,1998-12-10,
1998,104,1998-11-11,1998-12-18,
1998,105,1998-11-11,1998-12-17,
1998,106,1998-11-11,1998-12-22,
1998,107,1998-11-11,1999-01-07,
1998,108,1998-11-11,,
1998,109,1998-11-11,1999-02-01,
1998,110,1998-11-11,1999-01-22,
1998,111,1998-11-11,1999-02-01,
1998,112,1998-11-11,1999-01-22,
1998,113,1998-11-11,1999-01-07,
1998,114,1998-11-11,1999-02-01,
1998,115,1998-11-11,1999-02-01,
1998,116,1998-11-11,1999-02-01,
1998,117,1998-11-11,1999-01-30,
1998,118,1998-11-11,1999-01-30,
1998,119,1998-11-11,1999-01-29,
1998,120,1998-11-11,1999-01-29,
1998,121,1998-11-11,1999-01-29,
1998,122,1998-11-11,1999-02-03,
1998,123,1998-11-11,1999-01-29,
1998,124,1998-11-11,1999-02-01,
1998,125,1998-11-11,1999-01-29,
1998,126,1998-11-11,1999-01-29,
1998,127,1998-11-11,1999-01-07,
1998,128,1998-11-11,1999-02-03,
1998,129,1998-11-11,1999-02-03,
1998,130,1998-11-11,1999-02-03,
1998,131,1998-11-11,1999-02-17,
1998,132,1998-11-11,1999-02-10,
1998,133,1998-11-11,1999-02-17,
1998,134,1998-11-11,1999-02-17,
1998,135,1998-11-11,1999-03-11,
1998,136,1998-11-11,1999-03-11,
1998,102,1998-09-25,1998-10-27,
1998,79,1998-08-05,1998-10-15,
1998,80,1998-08-05,1998-10-15,
1998,81,1998-08-05,1998-09-22,
1998,82,1998-08-05,,
1998,83,1998-08-05,1998-10-31,
1998,84,1998-08-05,1998-09-30,
1998,85,1998-08-05,1998-09-30,
1998,86,1998-08-05,1998-09-30,
1998,87,1998-08-05,1998-09-30,
1998,88,1998-08-05,1998-09-30,
1998,89,1998-08-05,1998-09-30,
1998,90,1998-08-05,,
1998,91,1998-08-05,1998-09-30,
1998,92,1998-08-05,1998-09-05,
1998,93,1998-08-05,1998-10-28,
1998,94,1998-08-05,1998-10-15,
1998,95,1998-08-05,1998-10-31,
1998,96,1998-08-05,1998-10-31,
1998,97,1998-08-05,1998-10-15,
1998,98,1998-08-05,1998-10-15,
1998,99,1998-08-05,1998-12-17,
1998,100,1998-08-05,1998-11-17,
1998,101,1998-08-05,1998-10-28,
1998,63,1998-07-09,1998-08-27,
1998,64,1998-07-09,1998-09-30,
1998,65,1998-07-09,1998-09-05,
1998,66,1998-07-09,1998-09-07,
1998,67,1998-07-09,1998-09-07,
1998,68,1998-07-09,1998-08-25,
1998,69,1998-07-09,1998-10-27,
1998,70,1998-07-09,1998-09-08,
1998,71,1998-07-09,1998-10-15,
1998,72,1998-07-09,1998-09-05,
1998,73,1998-07-09,1998-09-05,
1998,74,1998-07-09,1998-09-05,
1998,75,1998-07-09,1998-09-30,
1998,76,1998-07-09,1998-10-27,
1998,77,1998-07-09,1998-10-15,
1998,78,1998-07-09,1998-10-27,
1998,36,1998-05-06,,
1998,37,1998-05-06,1998-07-06,
1998,38,1998-05-06,1998-07-06,
1998,39,1998-05-06,1998-07-06,
1998,40,1998-05-06,1998-07-06,
1998,41,1998-05-06,1998-07-06,
1998,42,1998-05-06,1998-07-10,
1998,43,1998-05-06,1998-09-16,
1998,44,1998-05-06,1998-07-22,
1998,45,1998-05-06,1998-07-22,
1998,46,1998-05-06,1998-07-22,
1998,47,1998-05-06,1998-07-22,
1998,48,1998-05-06,1998-07-22,
1998,49,1998-05-06,1998-07-22,
1998,50,1998-05-06,1998-07-22,
1998,51,1998-05-06,1998-07-22,
1998,52,1998-05-06,1998-07-22,
1998,53,1998-05-06,1998-07-21,
1998,54,1998-05-06,1998-07-21,
1998,55,1998-05-06,1998-07-22,
1998,56,1998-05-06,1998-07-21,
1998,57,1998-05-06,1998-07-21,
1998,58,1998-05-06,1998-07-21,
1998,59,1998-05-06,1998-07-21,
1998,60,1998-05-06,1998-07-21,
1998,61,1998-05-06,1998-07-22,
1998,62,1998-05-06,1998-06-12,
1998,26,1998-03-17,1998-05-12,
1998,27,1998-03-17,1998-05-18,
1998,28,1998-03-17,1998-05-18,
1998,29,1998-03-17,1998-05-18,
1998,30,1998-03-17,1998-05-18,
1998,31,1998-03-17,1998-05-18,
1998,32,1998-03-17,1998-04-29,
1998,33,1998-03-17,1998-05-18,
1998,34,1998-03-17,1998-05-13,
1998,35,1998-03-17,1998-05-18,
1998,1,1998-02-26,1998-05-04,
1998,2,1998-02-26,1998-05-04,
1998,3,1998-02-26,1998-05-13,
1998,4,1998-02-26,1998-05-04,
1998,5,1998-02-26,1998-05-13,
1998,6,1998-02-26,1998-05-13,
1998,7,1998-02-26,1998-05-13,
1998,8,1998-02-26,1998-05-04,
1998,9,1998-02-26,1998-04-17,
1998,10,1998-02-26,1998-04-17,
1998,11,1998-02-26,1998-05-13,
1998,12,1998-02-26,1998-04-17,
1998,13,1998-02-26,1998-05-13,
1998,14,1998-02-26,1998-05-18,
1998,15,1998-02-26,1998-05-18,
1998,16,1998-02-26,1998-04-17,
1998,17,1998-02-26,1998-05-18,
1998,18,1998-02-26,1998-05-18,
1998,19,1998-02-26,1998-05-13,
1998,20,1998-02-26,1998-05-12,
1998,21,1998-02-26,1998-05-18,
1998,22,1998-02-26,1998-05-12,
1998,23,1998-02-26,,
1998,24,1998-02-26,1998-05-18,
1998,25,1998-02-26,1998-05-18,
